backend,sweep,strategy,N,C,P,candidates,before_ms,after_ms,speedup
cpu,c,global,65536,16384,4,4,0.8239,0.7548,1.0915
cpu,c,global,65536,32768,4,4,1.1402,0.9159,1.2448
cpu,c,global,65536,65536,4,4,1.9306,1.8286,1.0558
cpu,c,global,65536,131072,4,4,2.6448,2.0775,1.2731
cpu,c,global,65536,262144,4,4,2.6858,2.7853,0.9643
cpu,c,global,65536,524288,4,4,2.7919,2.8571,0.9772
cpu,c,global,65536,1048576,4,4,3.6256,5.4132,0.6698
cpu,c,global,65536,2097152,4,4,7.1989,9.3139,0.7729
cpu,c,global,65536,4194304,4,4,19.4614,20.9225,0.9302
cpu,c,global,65536,8388608,4,4,37.3123,34.9974,1.0661
cpu,c,per_connection,65536,16384,4,65536,142.6987,66.2534,2.1538
cpu,c,per_connection,65536,32768,4,131072,276.4754,126.3502,2.1882
cpu,c,per_connection,65536,65536,4,262144,823.9670,295.4223,2.7891
cpu,c,per_connection,65536,131072,4,524288,1400.7723,507.9083,2.7579
cpu,c,per_connection,65536,262144,4,1048576,2851.1356,997.2159,2.8591
cpu,c,per_connection,65536,524288,4,2097152,5738.1764,2011.4603,2.8527
cpu,c,per_connection,65536,1048576,4,4194304,12040.0602,4188.1953,2.8748
cpu,c,per_unit,65536,16384,4,262144,331.5246,134.6801,2.4616
cpu,c,per_unit,65536,32768,4,262144,332.5594,135.1143,2.4613
cpu,c,per_unit,65536,65536,4,262144,332.7935,134.8764,2.4674
cpu,c,per_unit,65536,131072,4,262144,332.3530,134.6332,2.4686
cpu,c,per_unit,65536,262144,4,262144,334.1054,135.7377,2.4614
cpu,c,per_unit,65536,524288,4,262144,329.7345,133.4994,2.4699
cpu,c,per_unit,65536,1048576,4,262144,332.3570,135.0050,2.4618
cpu,c,per_unit,65536,2097152,4,262144,338.4924,143.5219,2.3585
cpu,c,per_unit,65536,4194304,4,262144,323.8600,155.9627,2.0765
cpu,c,per_unit,65536,8388608,4,262144,334.0432,171.3685,1.9493
cpu,c,shortlist,65536,16384,64,4096,9.6877,3.4633,2.7972
cpu,c,shortlist,65536,32768,64,4096,10.0057,5.0442,1.9836
cpu,c,shortlist,65536,65536,64,4096,9.9180,4.2540,2.3315
cpu,c,shortlist,65536,131072,64,4096,6.4792,6.2430,1.0378
cpu,c,shortlist,65536,262144,64,4096,9.3532,8.3457,1.1207
cpu,c,shortlist,65536,524288,64,4096,12.8618,5.4341,2.3669
cpu,c,shortlist,65536,1048576,64,4096,13.5690,10.9914,1.2345
cpu,c,shortlist,65536,2097152,64,4096,15.4818,11.6832,1.3251
cpu,c,shortlist,65536,4194304,64,4096,27.2796,22.9119,1.1906
cpu,c,shortlist,65536,8388608,64,4096,44.7568,40.3148,1.1102
cpu,c,shortlist_level,65536,16384,64,16384,7.8543,6.6776,1.1762
cpu,c,shortlist_level,65536,32768,64,16384,10.4062,7.5024,1.3870
cpu,c,shortlist_level,65536,65536,64,16384,10.3179,9.1582,1.1266
cpu,c,shortlist_level,65536,131072,64,16384,10.2204,11.4292,0.8942
cpu,c,shortlist_level,65536,262144,64,16384,9.9346,11.3437,0.8758
cpu,c,shortlist_level,65536,524288,64,16384,9.7019,10.3551,0.9369
cpu,c,shortlist_level,65536,1048576,64,16384,11.1874,12.2455,0.9136
cpu,c,shortlist_level,65536,2097152,64,16384,17.5897,18.0929,0.9722
cpu,c,shortlist_level,65536,4194304,64,16384,23.6793,23.9982,0.9867
cpu,c,shortlist_level,65536,8388608,64,16384,37.8845,37.4571,1.0114
cpu,n,exhaustive,256,65536,0,65536,101.2110,43.5387,2.3246
cpu,n,exhaustive,512,65536,0,262144,328.3768,150.0069,2.1891
cpu,n,exhaustive,1024,65536,0,1048576,1531.1050,590.9431,2.5910
cpu,n,exhaustive,2048,65536,0,4194304,6271.6261,2476.5442,2.5324
cpu,n,global,256,65536,4,4,1.6987,1.5973,1.0635
cpu,n,global,512,65536,4,4,0.8176,1.6692,0.4898
cpu,n,global,1024,65536,4,4,1.7082,1.6877,1.0122
cpu,n,global,2048,65536,4,4,1.6533,1.7199,0.9613
cpu,n,global,4096,65536,4,4,1.6054,1.6903,0.9498
cpu,n,global,8192,65536,4,4,1.6658,1.6734,0.9955
cpu,n,global,16384,65536,4,4,1.5774,1.6541,0.9536
cpu,n,global,32768,65536,4,4,1.6141,1.6937,0.9530
cpu,n,global,65536,65536,4,4,1.7493,1.8440,0.9486
cpu,n,global,131072,65536,4,4,1.5198,1.3949,1.0896
cpu,n,global,262144,65536,4,4,1.5561,1.5665,0.9934
cpu,n,global,524288,65536,4,4,1.1101,1.1570,0.9595
cpu,n,global,1048576,65536,4,4,1.0978,1.3266,0.8276
cpu,n,per_connection,256,65536,4,262144,695.5178,247.4160,2.8111
cpu,n,per_connection,512,65536,4,262144,704.1404,246.2060,2.8600
cpu,n,per_connection,1024,65536,4,262144,689.3527,247.9111,2.7806
cpu,n,per_connection,2048,65536,4,262144,686.5531,246.6958,2.7830
cpu,n,per_connection,4096,65536,4,262144,694.9566,248.4650,2.7970
cpu,n,per_connection,8192,65536,4,262144,689.7636,246.5847,2.7973
cpu,n,per_connection,16384,65536,4,262144,688.8558,249.8793,2.7568
cpu,n,per_connection,32768,65536,4,262144,688.4605,249.7684,2.7564
cpu,n,per_connection,65536,65536,4,262144,825.9954,293.7518,2.8119
cpu,n,per_connection,131072,65536,4,262144,591.3458,230.3954,2.5667
cpu,n,per_connection,262144,65536,4,262144,592.5509,222.8363,2.6591
cpu,n,per_connection,524288,65536,4,262144,503.4524,198.0061,2.5426
cpu,n,per_connection,1048576,65536,4,262144,457.1283,187.5021,2.4380
cpu,n,per_unit,256,65536,4,1024,1.7682,1.8592,0.9511
cpu,n,per_unit,512,65536,4,2048,3.0573,2.4000,1.2739
cpu,n,per_unit,1024,65536,4,4096,9.3623,3.6964,2.5328
cpu,n,per_unit,2048,65536,4,8192,14.4515,8.7238,1.6566
cpu,n,per_unit,4096,65536,4,16384,26.7756,13.0911,2.0453
cpu,n,per_unit,8192,65536,4,32768,52.1975,20.2118,2.5825
cpu,n,per_unit,16384,65536,4,65536,101.9877,39.9668,2.5518
cpu,n,per_unit,32768,65536,4,131072,172.7889,78.0400,2.2141
cpu,n,per_unit,65536,65536,4,262144,304.1714,134.8685,2.2553
cpu,n,per_unit,131072,65536,4,524288,761.2059,260.8666,2.9180
cpu,n,per_unit,262144,65536,4,1048576,1551.8438,527.2837,2.9431
cpu,n,per_unit,524288,65536,4,2097152,3056.2736,1057.1454,2.8911
cpu,n,per_unit,1048576,65536,4,4194304,6358.3984,2197.6565,2.8933
cpu,n,shortlist,256,65536,64,4096,10.9398,2.2032,4.9654
cpu,n,shortlist,512,65536,64,4096,9.6916,3.5748,2.7111
cpu,n,shortlist,1024,65536,64,4096,12.1304,4.9020,2.4746
cpu,n,shortlist,2048,65536,64,4096,10.7604,3.8772,2.7753
cpu,n,shortlist,4096,65536,64,4096,10.6453,4.0335,2.6392
cpu,n,shortlist,8192,65536,64,4096,10.9938,3.8937,2.8235
cpu,n,shortlist,16384,65536,64,4096,8.9415,4.8143,1.8573
cpu,n,shortlist,32768,65536,64,4096,9.2550,2.8806,3.2128
cpu,n,shortlist,65536,65536,64,4096,10.5540,5.1574,2.0464
cpu,n,shortlist,131072,65536,64,4096,11.1746,4.0890,2.7328
cpu,n,shortlist,262144,65536,64,4096,12.2077,5.8242,2.0960
cpu,n,shortlist,524288,65536,64,4096,13.7158,8.0424,1.7054
cpu,n,shortlist,1048576,65536,64,4096,14.6487,11.1578,1.3129
cpu,n,shortlist_level,256,65536,64,16384,6.2305,6.0546,1.0291
cpu,n,shortlist_level,512,65536,64,16384,7.8555,6.4904,1.2103
cpu,n,shortlist_level,1024,65536,64,16384,6.2212,8.3451,0.7455
cpu,n,shortlist_level,2048,65536,64,16384,7.7134,8.2463,0.9354
cpu,n,shortlist_level,4096,65536,64,16384,8.9302,7.4597,1.1971
cpu,n,shortlist_level,8192,65536,64,16384,8.4217,6.0392,1.3945
cpu,n,shortlist_level,16384,65536,64,16384,11.8480,10.2441,1.1566
cpu,n,shortlist_level,32768,65536,64,16384,12.2818,9.3988,1.3067
cpu,n,shortlist_level,65536,65536,64,16384,10.0378,7.9284,1.2661
cpu,n,shortlist_level,131072,65536,64,16384,10.3862,11.7905,0.8809
cpu,n,shortlist_level,262144,65536,64,16384,9.6679,11.3570,0.8513
cpu,n,shortlist_level,524288,65536,64,16384,18.0021,18.9858,0.9482
cpu,n,shortlist_level,1048576,65536,64,16384,32.5053,31.8114,1.0218
cpu,np,per_unit,4096,65536,1,4096,7.9828,2.7594,2.8929
cpu,np,per_unit,4096,65536,2,8192,14.0643,7.8177,1.7990
cpu,np,per_unit,4096,65536,4,16384,26.7347,13.1916,2.0267
cpu,np,per_unit,4096,65536,8,32768,54.1283,19.3897,2.7916
cpu,np,per_unit,4096,65536,16,65536,104.4633,39.3619,2.6539
cpu,np,per_unit,4096,65536,32,131072,182.0477,79.4801,2.2905
cpu,np,per_unit,8192,65536,1,8192,14.9844,8.3426,1.7961
cpu,np,per_unit,8192,65536,2,16384,25.8917,13.3118,1.9450
cpu,np,per_unit,8192,65536,4,32768,52.5144,19.5983,2.6795
cpu,np,per_unit,8192,65536,8,65536,102.8243,39.4069,2.6093
cpu,np,per_unit,8192,65536,16,131072,178.9818,78.6592,2.2754
cpu,np,per_unit,8192,65536,32,262144,350.0896,134.6962,2.5991
cpu,np,per_unit,16384,65536,1,16384,25.6902,11.8974,2.1593
cpu,np,per_unit,16384,65536,2,32768,51.3831,19.6072,2.6206
cpu,np,per_unit,16384,65536,4,65536,101.8915,39.1431,2.6030
cpu,np,per_unit,16384,65536,8,131072,176.6576,81.9605,2.1554
cpu,np,per_unit,16384,65536,16,262144,345.8835,136.2515,2.5386
cpu,np,per_unit,16384,65536,32,524288,791.4236,259.1628,3.0538
cpu,np,per_unit,32768,65536,1,32768,51.0560,19.5656,2.6095
cpu,np,per_unit,32768,65536,2,65536,100.3771,38.2349,2.6253
cpu,np,per_unit,32768,65536,4,131072,173.2724,76.0210,2.2793
cpu,np,per_unit,32768,65536,8,262144,341.3347,136.6526,2.4978
cpu,np,per_unit,32768,65536,16,524288,755.6706,258.4768,2.9236
cpu,np,per_unit,32768,65536,32,1048576,1620.1104,525.4009,3.0836
cpu,np,per_unit,65536,65536,1,65536,100.2149,38.2880,2.6174
cpu,np,per_unit,65536,65536,2,131072,170.5778,78.4711,2.1738
cpu,np,per_unit,65536,65536,4,262144,333.5665,133.5187,2.4983
cpu,np,per_unit,65536,65536,8,524288,749.8205,259.6774,2.8875
cpu,np,per_unit,65536,65536,16,1048576,1596.8551,523.4751,3.0505
cpu,np,per_unit,65536,65536,32,2097152,3192.9959,1056.5376,3.0221
cpu,np,per_unit,131072,65536,1,131072,168.6097,77.8188,2.1667
cpu,np,per_unit,131072,65536,2,262144,328.5139,135.4043,2.4262
cpu,np,per_unit,131072,65536,4,524288,762.5819,260.5418,2.9269
cpu,np,per_unit,131072,65536,8,1048576,1580.6878,525.1030,3.0102
cpu,np,per_unit,131072,65536,16,2097152,3159.5073,1055.1023,2.9945
cpu,np,per_unit,131072,65536,32,4194304,6657.4588,2197.7170,3.0293
cpu,np,per_unit,262144,65536,1,262144,322.6172,134.4173,2.4001
cpu,np,per_unit,262144,65536,2,524288,751.5715,260.0777,2.8898
cpu,np,per_unit,262144,65536,4,1048576,1551.3445,524.9089,2.9555
cpu,np,per_unit,262144,65536,8,2097152,3107.1334,1055.3014,2.9443
cpu,np,per_unit,262144,65536,16,4194304,6566.7910,2169.7564,3.0265
cpu,np,per_unit,524288,65536,1,524288,745.2977,260.3213,2.8630
cpu,np,per_unit,524288,65536,2,1048576,1528.6074,526.2184,2.9049
cpu,np,per_unit,524288,65536,4,2097152,3034.4237,1058.9965,2.8654
cpu,np,per_unit,524288,65536,8,4194304,6459.5092,2199.3132,2.9371
cpu,np,per_unit,1048576,65536,1,1048576,1516.0575,521.8314,2.9053
cpu,np,per_unit,1048576,65536,2,2097152,2995.3459,1054.4047,2.8408
cpu,np,per_unit,1048576,65536,4,4194304,6363.9550,2197.9920,2.8953
cpu,p,global,65536,65536,64,64,1.7218,1.0009,1.7202
cpu,p,global,65536,65536,1024,1024,3.5719,1.4112,2.5311
cpu,p,global,65536,65536,16384,16384,34.7701,14.7694,2.3542
cpu,p,global,65536,65536,262144,262144,480.0723,147.6534,3.2513
cpu,p,global,65536,65536,1048576,1048576,2212.1185,582.7422,3.7961
cpu,p,per_connection,65536,65536,1,65536,226.5689,122.5903,1.8482
cpu,p,per_connection,65536,65536,2,131072,390.3745,182.1119,2.1436
cpu,p,per_connection,65536,65536,4,262144,831.6067,294.9813,2.8192
cpu,p,per_connection,65536,65536,8,524288,1717.7366,564.8684,3.0410
cpu,p,per_connection,65536,65536,16,1048576,3382.0279,1063.2431,3.1809
cpu,p,per_connection,65536,65536,32,2097152,6970.6082,2177.9438,3.2005
cpu,p,per_unit,65536,65536,1,65536,100.6139,39.7529,2.5310
cpu,p,per_unit,65536,65536,2,131072,171.5715,77.1027,2.2252
cpu,p,per_unit,65536,65536,4,262144,334.1183,134.5415,2.4834
cpu,p,per_unit,65536,65536,8,524288,774.3493,260.4439,2.9732
cpu,p,per_unit,65536,65536,16,1048576,1596.7332,526.5151,3.0326
cpu,p,per_unit,65536,65536,32,2097152,3195.7831,1055.7124,3.0271
cpu,p,shortlist,65536,65536,16,256,2.2195,1.9243,1.1534
cpu,p,shortlist,65536,65536,32,1024,2.7684,2.1046,1.3154
cpu,p,shortlist,65536,65536,64,4096,11.1533,4.0516,2.7528
cpu,p,shortlist,65536,65536,128,16384,31.7318,11.8632,2.6748
cpu,p,shortlist,65536,65536,256,65536,117.8391,42.6340,2.7640
cpu,p,shortlist_level,65536,65536,16,1024,3.5729,3.3590,1.0637
cpu,p,shortlist_level,65536,65536,32,4096,5.2847,7.6158,0.6939
cpu,p,shortlist_level,65536,65536,64,16384,10.1944,9.3165,1.0942
cpu,p,shortlist_level,65536,65536,128,65536,22.8888,19.7041,1.1616
cpu,p,shortlist_level,65536,65536,256,262144,44.5119,45.4785,0.9787
gpu,c,global,65536,16384,4,4,0.5124,0.5364,0.9553
gpu,c,global,65536,32768,4,4,0.5239,0.5216,1.0044
gpu,c,global,65536,65536,4,4,0.5210,0.5899,0.8831
gpu,c,global,65536,131072,4,4,0.4464,0.5926,0.7533
gpu,c,global,65536,262144,4,4,0.4259,0.5709,0.7461
gpu,c,global,65536,524288,4,4,0.4450,0.5473,0.8130
gpu,c,global,65536,1048576,4,4,0.5263,0.6548,0.8038
gpu,c,global,65536,2097152,4,4,0.4143,0.5724,0.7237
gpu,c,global,65536,4194304,4,4,0.5184,0.5720,0.9063
gpu,c,global,65536,8388608,4,4,0.5557,0.6188,0.8981
gpu,c,per_connection,65536,16384,4,65536,1.4264,0.8940,1.5957
gpu,c,per_connection,65536,32768,4,131072,1.7846,1.2039,1.4823
gpu,c,per_connection,65536,65536,4,262144,3.3876,1.6120,2.1015
gpu,c,per_connection,65536,131072,4,524288,4.5706,2.0231,2.2592
gpu,c,per_connection,65536,262144,4,1048576,9.1222,3.6370,2.5081
gpu,c,per_connection,65536,524288,4,2097152,17.9030,6.8717,2.6053
gpu,c,per_connection,65536,1048576,4,4194304,96.6915,30.3799,3.1827
gpu,c,per_connection,65536,2097152,4,8388608,237.5815,72.0734,3.2964
gpu,c,per_connection,65536,4194304,4,16777216,551.8016,174.6842,3.1589
gpu,c,per_connection,65536,8388608,4,33554432,1247.8471,399.2101,3.1258
gpu,c,per_unit,65536,16384,4,262144,1.6256,0.8222,1.9773
gpu,c,per_unit,65536,32768,4,262144,1.7196,0.8855,1.9419
gpu,c,per_unit,65536,65536,4,262144,1.7076,1.0301,1.6577
gpu,c,per_unit,65536,131072,4,262144,1.8175,0.9219,1.9716
gpu,c,per_unit,65536,262144,4,262144,1.7301,1.0244,1.6889
gpu,c,per_unit,65536,524288,4,262144,1.8070,0.9478,1.9065
gpu,c,per_unit,65536,1048576,4,262144,1.6780,0.6907,2.4294
gpu,c,per_unit,65536,2097152,4,262144,1.7611,0.9984,1.7640
gpu,c,per_unit,65536,4194304,4,262144,1.7777,0.9324,1.9065
gpu,c,per_unit,65536,8388608,4,262144,1.7634,0.7671,2.2988
gpu,c,shortlist,65536,16384,64,4096,0.6355,0.6078,1.0456
gpu,c,shortlist,65536,32768,64,4096,0.6403,0.6197,1.0332
gpu,c,shortlist,65536,65536,64,4096,0.7094,0.6161,1.1515
gpu,c,shortlist,65536,131072,64,4096,0.6804,0.6387,1.0653
gpu,c,shortlist,65536,262144,64,4096,0.6598,0.6807,0.9692
gpu,c,shortlist,65536,524288,64,4096,0.7731,0.7708,1.0030
gpu,c,shortlist,65536,1048576,64,4096,0.6723,0.6365,1.0564
gpu,c,shortlist,65536,2097152,64,4096,0.7140,0.6422,1.1119
gpu,c,shortlist,65536,4194304,64,4096,0.6420,0.6059,1.0596
gpu,c,shortlist,65536,8388608,64,4096,0.6352,0.6927,0.9169
gpu,c,shortlist_level,65536,16384,64,16384,0.9311,0.9858,0.9444
gpu,c,shortlist_level,65536,32768,64,16384,0.9032,1.0707,0.8436
gpu,c,shortlist_level,65536,65536,64,16384,0.9348,0.9944,0.9401
gpu,c,shortlist_level,65536,131072,64,16384,1.1655,0.9798,1.1895
gpu,c,shortlist_level,65536,262144,64,16384,1.1123,1.1939,0.9316
gpu,c,shortlist_level,65536,524288,64,16384,1.0975,1.0393,1.0560
gpu,c,shortlist_level,65536,1048576,64,16384,1.0159,1.1169,0.9096
gpu,c,shortlist_level,65536,2097152,64,16384,1.0566,0.9314,1.1344
gpu,c,shortlist_level,65536,4194304,64,16384,1.1070,1.0585,1.0458
gpu,c,shortlist_level,65536,8388608,64,16384,1.0796,1.1137,0.9694
gpu,n,exhaustive,256,65536,0,65536,1.0018,0.6311,1.5874
gpu,n,exhaustive,512,65536,0,262144,1.5583,0.8711,1.7890
gpu,n,exhaustive,1024,65536,0,1048576,4.2151,1.9981,2.1096
gpu,n,exhaustive,2048,65536,0,4194304,26.6562,7.0968,3.7561
gpu,n,exhaustive,4096,65536,0,16777216,290.3739,97.5842,2.9756
gpu,n,global,256,65536,4,4,0.5216,0.5697,0.9155
gpu,n,global,512,65536,4,4,0.5426,0.4971,1.0916
gpu,n,global,1024,65536,4,4,0.4872,0.5478,0.8894
gpu,n,global,2048,65536,4,4,0.4827,0.5283,0.9136
gpu,n,global,4096,65536,4,4,0.4952,0.4716,1.0499
gpu,n,global,8192,65536,4,4,0.4224,0.4425,0.9546
gpu,n,global,16384,65536,4,4,0.4926,0.4895,1.0063
gpu,n,global,32768,65536,4,4,0.5074,0.5331,0.9518
gpu,n,global,65536,65536,4,4,0.5075,0.4983,1.0185
gpu,n,global,131072,65536,4,4,0.5016,0.5177,0.9690
gpu,n,global,262144,65536,4,4,0.5648,0.4452,1.2685
gpu,n,global,524288,65536,4,4,0.5310,0.4167,1.2741
gpu,n,global,1048576,65536,4,4,0.5086,0.5458,0.9319
gpu,n,per_connection,256,65536,4,262144,2.7943,1.4870,1.8792
gpu,n,per_connection,512,65536,4,262144,2.8273,1.4917,1.8953
gpu,n,per_connection,1024,65536,4,262144,2.5780,1.3943,1.8490
gpu,n,per_connection,2048,65536,4,262144,2.5787,1.4675,1.7572
gpu,n,per_connection,4096,65536,4,262144,2.8252,1.3408,2.1072
gpu,n,per_connection,8192,65536,4,262144,2.6686,1.3949,1.9131
gpu,n,per_connection,16384,65536,4,262144,2.6781,1.3642,1.9631
gpu,n,per_connection,32768,65536,4,262144,2.8196,1.3904,2.0280
gpu,n,per_connection,65536,65536,4,262144,3.2540,1.4905,2.1832
gpu,n,per_connection,131072,65536,4,262144,2.7110,1.3155,2.0609
gpu,n,per_connection,262144,65536,4,262144,2.5465,1.3007,1.9579
gpu,n,per_connection,524288,65536,4,262144,2.4034,1.1063,2.1725
gpu,n,per_connection,1048576,65536,4,262144,2.4899,1.3735,1.8128
gpu,n,per_unit,256,65536,4,1024,0.5735,0.5124,1.1193
gpu,n,per_unit,512,65536,4,2048,0.5810,0.5735,1.0131
gpu,n,per_unit,1024,65536,4,4096,0.5001,0.5742,0.8710
gpu,n,per_unit,2048,65536,4,8192,0.6472,0.6038,1.0719
gpu,n,per_unit,4096,65536,4,16384,0.8003,0.6534,1.2249
gpu,n,per_unit,8192,65536,4,32768,0.9926,0.6400,1.5510
gpu,n,per_unit,16384,65536,4,65536,1.1031,0.6799,1.6223
gpu,n,per_unit,32768,65536,4,131072,1.1294,0.6740,1.6756
gpu,n,per_unit,65536,65536,4,262144,1.7190,0.8260,2.0811
gpu,n,per_unit,131072,65536,4,524288,2.6663,1.1823,2.2552
gpu,n,per_unit,262144,65536,4,1048576,4.9119,1.7555,2.7980
gpu,n,per_unit,524288,65536,4,2097152,9.3566,3.0048,3.1139
gpu,n,per_unit,1048576,65536,4,4194304,27.6408,6.2108,4.4505
gpu,n,shortlist,256,65536,64,4096,0.6677,0.5851,1.1411
gpu,n,shortlist,512,65536,64,4096,0.7140,0.4938,1.4458
gpu,n,shortlist,1024,65536,64,4096,0.6260,0.6532,0.9584
gpu,n,shortlist,2048,65536,64,4096,0.7438,0.6311,1.1785
gpu,n,shortlist,4096,65536,64,4096,0.7703,0.5826,1.3222
gpu,n,shortlist,8192,65536,64,4096,0.7583,0.6193,1.2245
gpu,n,shortlist,16384,65536,64,4096,0.7913,0.6116,1.2938
gpu,n,shortlist,32768,65536,64,4096,0.7634,0.6291,1.2135
gpu,n,shortlist,65536,65536,64,4096,0.8059,0.5446,1.4797
gpu,n,shortlist,131072,65536,64,4096,0.7529,0.5958,1.2637
gpu,n,shortlist,262144,65536,64,4096,0.7808,0.5956,1.3109
gpu,n,shortlist,524288,65536,64,4096,0.6777,0.6308,1.0744
gpu,n,shortlist,1048576,65536,64,4096,0.7332,0.6125,1.1971
gpu,n,shortlist_level,256,65536,64,16384,0.7577,0.6142,1.2337
gpu,n,shortlist_level,512,65536,64,16384,0.7659,0.7927,0.9662
gpu,n,shortlist_level,1024,65536,64,16384,0.8014,0.8221,0.9748
gpu,n,shortlist_level,2048,65536,64,16384,0.7121,0.8450,0.8428
gpu,n,shortlist_level,4096,65536,64,16384,1.0824,1.0095,1.0722
gpu,n,shortlist_level,8192,65536,64,16384,1.2158,1.0468,1.1614
gpu,n,shortlist_level,16384,65536,64,16384,1.0915,1.2600,0.8662
gpu,n,shortlist_level,32768,65536,64,16384,1.3806,1.4021,0.9847
gpu,n,shortlist_level,65536,65536,64,16384,1.0861,1.0583,1.0262
gpu,n,shortlist_level,131072,65536,64,16384,1.1096,1.0955,1.0128
gpu,n,shortlist_level,262144,65536,64,16384,1.0213,1.0705,0.9540
gpu,n,shortlist_level,524288,65536,64,16384,1.1977,1.2728,0.9410
gpu,n,shortlist_level,1048576,65536,64,16384,1.4993,1.3785,1.0876
gpu,np,per_unit,4096,65536,1,4096,0.7261,0.6099,1.1907
gpu,np,per_unit,4096,65536,2,8192,0.7445,0.5535,1.3451
gpu,np,per_unit,4096,65536,4,16384,0.8264,0.6030,1.3705
gpu,np,per_unit,4096,65536,8,32768,0.7959,0.6290,1.2655
gpu,np,per_unit,4096,65536,16,65536,1.1148,0.7069,1.5771
gpu,np,per_unit,4096,65536,32,131072,1.0015,0.6527,1.5344
gpu,np,per_unit,8192,65536,1,8192,0.6692,0.6218,1.0761
gpu,np,per_unit,8192,65536,2,16384,0.7795,0.6090,1.2799
gpu,np,per_unit,8192,65536,4,32768,0.8108,0.6416,1.2638
gpu,np,per_unit,8192,65536,8,65536,0.9724,0.6453,1.5069
gpu,np,per_unit,8192,65536,16,131072,1.1623,0.7043,1.6504
gpu,np,per_unit,8192,65536,32,262144,1.6722,0.7797,2.1447
gpu,np,per_unit,16384,65536,1,16384,0.8449,0.6236,1.3549
gpu,np,per_unit,16384,65536,2,32768,0.8577,0.6474,1.3249
gpu,np,per_unit,16384,65536,4,65536,1.0195,0.6650,1.5332
gpu,np,per_unit,16384,65536,8,131072,1.0646,0.7145,1.4901
gpu,np,per_unit,16384,65536,16,262144,1.5325,0.8296,1.8472
gpu,np,per_unit,16384,65536,32,524288,2.5891,1.1249,2.3016
gpu,np,per_unit,32768,65536,1,32768,0.8647,0.6515,1.3273
gpu,np,per_unit,32768,65536,2,65536,0.9612,0.6730,1.4282
gpu,np,per_unit,32768,65536,4,131072,1.2202,0.7243,1.6847
gpu,np,per_unit,32768,65536,8,262144,1.6819,0.8417,1.9984
gpu,np,per_unit,32768,65536,16,524288,2.5429,1.2494,2.0353
gpu,np,per_unit,32768,65536,32,1048576,4.9831,1.9142,2.6033
gpu,np,per_unit,65536,65536,1,65536,0.9774,0.7624,1.2820
gpu,np,per_unit,65536,65536,2,131072,1.1499,0.6636,1.7327
gpu,np,per_unit,65536,65536,4,262144,1.6686,0.9072,1.8393
gpu,np,per_unit,65536,65536,8,524288,2.3419,1.2751,1.8367
gpu,np,per_unit,65536,65536,16,1048576,5.0145,1.9020,2.6364
gpu,np,per_unit,65536,65536,32,2097152,9.4764,3.1091,3.0480
gpu,np,per_unit,131072,65536,1,131072,1.2403,0.5734,2.1630
gpu,np,per_unit,131072,65536,2,262144,1.6500,0.8838,1.8669
gpu,np,per_unit,131072,65536,4,524288,2.4842,1.2675,1.9599
gpu,np,per_unit,131072,65536,8,1048576,5.0822,1.7736,2.8655
gpu,np,per_unit,131072,65536,16,2097152,9.4894,3.2276,2.9401
gpu,np,per_unit,131072,65536,32,4194304,27.2314,6.4324,4.2335
gpu,np,per_unit,262144,65536,1,262144,1.7347,0.8422,2.0598
gpu,np,per_unit,262144,65536,2,524288,2.4761,1.1732,2.1106
gpu,np,per_unit,262144,65536,4,1048576,4.8905,1.8282,2.6751
gpu,np,per_unit,262144,65536,8,2097152,9.4184,3.0715,3.0663
gpu,np,per_unit,262144,65536,16,4194304,27.8568,6.2509,4.4565
gpu,np,per_unit,262144,65536,32,8388608,132.3376,37.7018,3.5101
gpu,np,per_unit,524288,65536,1,524288,2.6218,1.0121,2.5903
gpu,np,per_unit,524288,65536,2,1048576,4.9968,1.9298,2.5893
gpu,np,per_unit,524288,65536,4,2097152,9.6146,3.1048,3.0967
gpu,np,per_unit,524288,65536,8,4194304,27.2121,6.3689,4.2726
gpu,np,per_unit,524288,65536,16,8388608,132.1167,37.8792,3.4878
gpu,np,per_unit,524288,65536,32,16777216,303.6046,86.2607,3.5196
gpu,np,per_unit,1048576,65536,1,1048576,4.9297,1.8653,2.6429
gpu,np,per_unit,1048576,65536,2,2097152,9.6045,2.9353,3.2721
gpu,np,per_unit,1048576,65536,4,4194304,27.2133,6.3134,4.3104
gpu,np,per_unit,1048576,65536,8,8388608,131.7289,37.7074,3.4934
gpu,np,per_unit,1048576,65536,16,16777216,302.7080,86.4913,3.4999
gpu,np,per_unit,1048576,65536,32,33554432,682.0008,196.8271,3.4650
gpu,p,global,65536,65536,64,64,0.5689,0.6066,0.9379
gpu,p,global,65536,65536,1024,1024,0.6293,0.5143,1.2237
gpu,p,global,65536,65536,16384,16384,0.7832,0.6903,1.1345
gpu,p,global,65536,65536,262144,262144,1.8559,0.8241,2.2520
gpu,p,global,65536,65536,1048576,1048576,5.7405,2.0804,2.7594
gpu,p,per_connection,65536,65536,1,65536,1.6039,1.0924,1.4682
gpu,p,per_connection,65536,65536,2,131072,2.2734,1.2406,1.8324
gpu,p,per_connection,65536,65536,4,262144,3.2417,1.5685,2.0667
gpu,p,per_connection,65536,65536,8,524288,5.7174,2.3830,2.3992
gpu,p,per_connection,65536,65536,16,1048576,10.3223,3.5824,2.8814
gpu,p,per_connection,65536,65536,32,2097152,18.8658,6.3779,2.9580
gpu,p,per_unit,65536,65536,1,65536,1.0613,0.7528,1.4098
gpu,p,per_unit,65536,65536,2,131072,1.2846,0.7984,1.6089
gpu,p,per_unit,65536,65536,4,262144,1.7582,0.9856,1.7839
gpu,p,per_unit,65536,65536,8,524288,2.5309,1.2635,2.0031
gpu,p,per_unit,65536,65536,16,1048576,5.0579,1.9064,2.6532
gpu,p,per_unit,65536,65536,32,2097152,9.5724,3.2717,2.9258
gpu,p,shortlist,65536,65536,16,256,0.5689,0.7013,0.8113
gpu,p,shortlist,65536,65536,32,1024,0.6637,0.6452,1.0287
gpu,p,shortlist,65536,65536,64,4096,0.6281,0.6593,0.9527
gpu,p,shortlist,65536,65536,128,16384,0.8658,0.7244,1.1952
gpu,p,shortlist,65536,65536,256,65536,1.0532,0.7386,1.4259
gpu,p,shortlist_level,65536,65536,16,1024,1.6917,1.9892,0.8505
gpu,p,shortlist_level,65536,65536,32,4096,0.9035,1.0730,0.8421
gpu,p,shortlist_level,65536,65536,64,16384,0.9755,1.0493,0.9297
gpu,p,shortlist_level,65536,65536,128,65536,1.1770,1.1618,1.0131
gpu,p,shortlist_level,65536,65536,256,262144,1.3910,1.3664,1.0180
