backend,sweep,strategy,N,C,P,levels,candidates,grown,reps,median_ms,min_ms,max_ms,compile_s,pool,conn_capacity,overflow
cpu,np,per_unit,4096,65536,1,4,4096,48,7,2.759436,1.898383,4.526937,0.860,4096,98368,0
cpu,np,per_unit,4096,65536,2,4,8192,48,7,7.817652,4.791211,9.275935,0.885,8192,98368,0
cpu,np,per_unit,4096,65536,4,4,16384,48,7,13.191554,9.637246,16.183514,0.925,16384,98368,0
cpu,np,per_unit,4096,65536,8,4,32768,48,7,19.389741,13.587049,22.595351,0.883,32768,98368,0
cpu,np,per_unit,4096,65536,16,4,65536,48,7,39.361936,25.517523,40.812042,0.941,65536,98368,0
cpu,np,per_unit,4096,65536,32,4,131072,48,7,79.480070,75.851578,83.811065,0.886,131072,98368,0
cpu,np,per_unit,8192,65536,1,4,8192,48,7,8.342594,5.223948,9.222217,0.839,8192,98368,0
cpu,np,per_unit,8192,65536,2,4,16384,48,7,13.311777,11.260190,14.749300,0.960,16384,98368,0
cpu,np,per_unit,8192,65536,4,4,32768,48,7,19.598320,19.068475,22.449334,0.853,32768,98368,0
cpu,np,per_unit,8192,65536,8,4,65536,48,7,39.406866,38.895829,40.358509,0.917,65536,98368,0
cpu,np,per_unit,8192,65536,16,4,131072,48,7,78.659208,78.088549,81.703593,0.931,131072,98368,0
cpu,np,per_unit,8192,65536,32,4,262144,48,7,134.696187,131.669871,137.586894,0.914,262144,98368,0
cpu,np,per_unit,16384,65536,1,4,16384,48,7,11.897402,8.512168,14.980215,0.785,16384,98368,0
cpu,np,per_unit,16384,65536,2,4,32768,48,7,19.607168,18.929777,21.604941,0.922,32768,98368,0
cpu,np,per_unit,16384,65536,4,4,65536,48,7,39.143118,25.351975,40.122850,0.900,65536,98368,0
cpu,np,per_unit,16384,65536,8,4,131072,48,7,81.960536,77.276658,84.154904,0.870,131072,98368,0
cpu,np,per_unit,16384,65536,16,4,262144,48,7,136.251495,134.899067,146.113054,0.930,262144,98368,0
cpu,np,per_unit,16384,65536,32,4,524288,48,7,259.162758,257.128854,270.228398,0.958,524288,98368,0
cpu,np,per_unit,32768,65536,1,4,32768,48,7,19.565592,12.476745,22.207979,0.795,32768,98368,0
cpu,np,per_unit,32768,65536,2,4,65536,48,7,38.234866,38.025319,38.656068,0.896,65536,98368,0
cpu,np,per_unit,32768,65536,4,4,131072,48,7,76.020975,75.832962,77.970175,0.902,131072,98368,0
cpu,np,per_unit,32768,65536,8,4,262144,48,7,136.652574,134.016113,146.798252,0.929,262144,98368,0
cpu,np,per_unit,32768,65536,16,4,524288,48,7,258.476767,255.414763,259.496761,0.956,524288,98368,0
cpu,np,per_unit,32768,65536,32,4,1048576,48,7,525.400940,523.414803,527.789191,0.937,1048576,98368,0
cpu,np,per_unit,65536,65536,1,4,65536,48,7,38.288001,37.558833,39.382666,0.845,65536,114752,0
cpu,np,per_unit,65536,65536,2,4,131072,48,7,78.471071,76.315537,83.424165,1.044,131072,114752,0
cpu,np,per_unit,65536,65536,4,4,262144,48,7,133.518682,132.768972,134.436442,0.949,262144,114752,0
cpu,np,per_unit,65536,65536,8,4,524288,48,7,259.677400,258.900299,262.004039,1.028,524288,114752,0
cpu,np,per_unit,65536,65536,16,4,1048576,48,7,523.475084,521.046359,526.048687,1.001,1048576,114752,0
cpu,np,per_unit,65536,65536,32,4,2097152,48,7,1056.537609,1051.744517,1065.433803,1.062,2097152,114752,0
cpu,np,per_unit,131072,65536,1,4,131072,48,7,77.818765,68.334368,80.497543,0.914,131072,90176,0
cpu,np,per_unit,131072,65536,2,4,262144,48,7,135.404318,133.848308,142.682778,0.976,262144,90176,0
cpu,np,per_unit,131072,65536,4,4,524288,48,7,260.541833,258.997225,261.546229,0.907,524288,90176,0
cpu,np,per_unit,131072,65536,8,4,1048576,48,7,525.102952,521.004732,530.126116,0.989,1048576,90176,0
cpu,np,per_unit,131072,65536,16,4,2097152,48,7,1055.102316,1049.235591,1059.061947,0.922,2097152,90176,0
cpu,np,per_unit,131072,65536,32,4,4194304,48,7,2197.717042,2187.948812,2207.354928,1.004,4194304,90176,0
cpu,np,per_unit,262144,65536,1,4,262144,48,7,134.417305,133.780072,138.789774,0.902,262144,86080,0
cpu,np,per_unit,262144,65536,2,4,524288,48,7,260.077732,257.277391,262.922158,1.018,524288,86080,0
cpu,np,per_unit,262144,65536,4,4,1048576,48,7,524.908941,520.395965,527.750865,0.996,1048576,86080,0
cpu,np,per_unit,262144,65536,8,4,2097152,48,7,1055.301430,1052.749223,1064.481392,0.953,2097152,86080,0
cpu,np,per_unit,262144,65536,16,4,4194304,48,7,2169.756441,2164.751488,2176.973049,1.036,4194304,86080,0
cpu,np,per_unit,524288,65536,1,4,524288,48,7,260.321279,259.592106,282.785707,0.790,524288,74816,0
cpu,np,per_unit,524288,65536,2,4,1048576,48,7,526.218381,524.425292,527.902434,0.887,1048576,74816,0
cpu,np,per_unit,524288,65536,4,4,2097152,48,7,1058.996520,1053.678056,1061.058007,0.923,2097152,74816,0
cpu,np,per_unit,524288,65536,8,4,4194304,48,7,2199.313222,2194.198959,2216.190203,0.893,4194304,74816,0
cpu,np,per_unit,1048576,65536,1,4,1048576,32,7,521.831400,520.420318,527.777974,0.774,1048576,69952,1
cpu,np,per_unit,1048576,65536,2,4,2097152,32,7,1054.404659,1050.737617,1057.599853,0.871,2097152,69952,1
cpu,np,per_unit,1048576,65536,4,4,4194304,32,7,2197.991975,2187.850840,2221.301875,0.900,4194304,69952,1
cpu,n,per_unit,256,65536,4,4,1024,48,7,1.859217,1.106327,2.003066,0.831,1024,98368,0
cpu,n,per_unit,512,65536,4,4,2048,48,7,2.400005,2.148758,3.060551,0.856,2048,98368,0
cpu,n,per_unit,1024,65536,4,4,4096,48,7,3.696397,2.925064,5.860320,0.915,4096,98368,0
cpu,n,per_unit,2048,65536,4,4,8192,48,7,8.723760,6.335188,9.822591,0.928,8192,98368,0
cpu,n,per_unit,4096,65536,4,4,16384,48,7,13.091149,10.759737,16.754423,0.860,16384,98368,0
cpu,n,per_unit,8192,65536,4,4,32768,48,7,20.211782,19.106409,20.864616,0.941,32768,98368,0
cpu,n,per_unit,16384,65536,4,4,65536,48,7,39.966771,39.458988,41.351861,0.959,65536,98368,0
cpu,n,per_unit,32768,65536,4,4,131072,48,7,78.040009,69.754622,83.591152,0.947,131072,98368,0
cpu,n,per_unit,65536,65536,4,4,262144,48,7,134.868489,134.276849,147.469398,1.068,262144,114752,0
cpu,n,per_unit,131072,65536,4,4,524288,48,7,260.866587,258.637533,262.323930,0.954,524288,90176,0
cpu,n,per_unit,262144,65536,4,4,1048576,48,7,527.283743,522.546398,528.503080,0.956,1048576,86080,0
cpu,n,per_unit,524288,65536,4,4,2097152,48,7,1057.145365,1052.590005,1061.206618,0.927,2097152,74816,0
cpu,n,per_unit,1048576,65536,4,4,4194304,32,7,2197.656503,2191.548326,2235.461234,0.866,4194304,69952,1
cpu,n,per_connection,256,65536,4,4,262144,48,7,247.415988,229.999946,250.029761,1.218,393472,98368,0
cpu,n,per_connection,512,65536,4,4,262144,48,7,246.206002,239.574020,250.316273,1.181,393472,98368,0
cpu,n,per_connection,1024,65536,4,4,262144,48,7,247.911097,244.430779,249.592717,1.121,393472,98368,0
cpu,n,per_connection,2048,65536,4,4,262144,48,7,246.695765,241.857435,252.084179,1.227,393472,98368,0
cpu,n,per_connection,4096,65536,4,4,262144,48,7,248.465009,222.244143,250.759209,1.193,393472,98368,0
cpu,n,per_connection,8192,65536,4,4,262144,48,7,246.584705,238.889118,254.551858,1.196,393472,98368,0
cpu,n,per_connection,16384,65536,4,4,262144,48,7,249.879323,248.016628,253.430162,1.161,393472,98368,0
cpu,n,per_connection,32768,65536,4,4,262144,48,7,249.768351,237.729537,251.457138,1.249,393472,98368,0
cpu,n,per_connection,65536,65536,4,4,262144,48,7,293.751801,270.580991,295.433609,1.248,459008,114752,0
cpu,n,per_connection,131072,65536,4,4,262144,48,7,230.395354,221.878143,233.366293,1.189,360704,90176,0
cpu,n,per_connection,262144,65536,4,4,262144,48,7,222.836298,215.244707,230.046883,1.153,344320,86080,0
cpu,n,per_connection,524288,65536,4,4,262144,48,7,198.006084,197.526246,202.268216,1.244,299264,74816,0
cpu,n,per_connection,1048576,65536,4,4,262144,32,7,187.502149,186.839510,194.993603,1.167,279808,69952,1
cpu,n,global,256,65536,4,4,4,4,7,1.597303,0.806005,1.746275,0.846,4,98368,0
cpu,n,global,512,65536,4,4,4,4,7,1.669168,1.637597,1.716411,0.822,4,98368,0
cpu,n,global,1024,65536,4,4,4,4,7,1.687679,1.608151,1.717130,0.808,4,98368,0
cpu,n,global,2048,65536,4,4,4,4,7,1.719852,1.514185,1.742768,0.837,4,98368,0
cpu,n,global,4096,65536,4,4,4,4,7,1.690263,1.526436,1.764597,0.827,4,98368,0
cpu,n,global,8192,65536,4,4,4,4,7,1.673426,1.640747,1.750908,0.831,4,98368,0
cpu,n,global,16384,65536,4,4,4,4,7,1.654087,1.512625,1.749620,0.848,4,98368,0
cpu,n,global,32768,65536,4,4,4,4,7,1.693725,1.560693,1.747802,0.825,4,98368,0
cpu,n,global,65536,65536,4,4,4,4,7,1.844048,1.786901,1.885863,0.994,4,114752,0
cpu,n,global,131072,65536,4,4,4,4,7,1.394891,1.325298,1.410217,0.902,4,90176,0
cpu,n,global,262144,65536,4,4,4,4,7,1.566544,1.516579,1.607479,0.936,4,86080,0
cpu,n,global,524288,65536,4,4,4,4,7,1.156978,1.129371,1.348948,0.864,4,74816,0
cpu,n,global,1048576,65536,4,4,4,4,7,1.326566,0.627672,1.422426,0.872,4,69952,0
cpu,n,exhaustive,256,65536,0,4,65536,48,7,43.538696,29.109704,46.056727,0.597,65536,98368,1
cpu,n,exhaustive,512,65536,0,4,262144,48,7,150.006949,122.309343,161.670219,0.611,262144,98368,1
cpu,n,exhaustive,1024,65536,0,4,1048576,48,7,590.943134,587.617796,595.554264,0.610,1048576,98368,1
cpu,n,exhaustive,2048,65536,0,4,4194304,48,7,2476.544167,2469.654586,2493.283526,0.569,4194304,98368,1
cpu,n,shortlist,256,65536,64,4,4096,48,7,2.203201,1.816557,3.473984,0.551,4096,98368,1
cpu,n,shortlist,512,65536,64,4,4096,48,7,3.574787,1.955912,6.363619,0.567,4096,98368,1
cpu,n,shortlist,1024,65536,64,4,4096,48,7,4.902015,3.887503,6.516886,0.542,4096,98368,1
cpu,n,shortlist,2048,65536,64,4,4096,48,7,3.877177,2.314776,6.221296,0.580,4096,98368,1
cpu,n,shortlist,4096,65536,64,4,4096,48,7,4.033482,2.873637,6.316480,0.573,4096,98368,1
cpu,n,shortlist,8192,65536,64,4,4096,48,7,3.893705,2.513313,6.232157,0.534,4096,98368,1
cpu,n,shortlist,16384,65536,64,4,4096,48,7,4.814309,3.598153,6.508814,0.524,4096,98368,1
cpu,n,shortlist,32768,65536,64,4,4096,48,7,2.880632,2.337072,6.162930,0.560,4096,98368,1
cpu,n,shortlist,65536,65536,64,4,4096,48,7,5.157363,2.461524,6.716569,0.658,4096,114752,1
cpu,n,shortlist,131072,65536,64,4,4096,48,7,4.089045,3.574937,6.057320,0.583,4096,90176,1
cpu,n,shortlist,262144,65536,64,4,4096,48,7,5.824181,3.511129,7.694404,0.572,4096,86080,0
cpu,n,shortlist,524288,65536,64,4,4096,32,7,8.042363,3.162080,9.386668,0.533,4096,74816,0
cpu,n,shortlist,1048576,65536,64,4,4096,32,7,11.157824,7.545478,11.565762,0.482,4096,69952,0
cpu,n,shortlist_level,256,65536,64,4,16384,48,7,6.054569,3.965119,9.212766,0.530,4096,98368,1
cpu,n,shortlist_level,512,65536,64,4,16384,48,7,6.490363,5.418870,9.217321,0.549,4096,98368,1
cpu,n,shortlist_level,1024,65536,64,4,16384,48,7,8.345109,5.037261,8.904993,0.557,4096,98368,1
cpu,n,shortlist_level,2048,65536,64,4,16384,48,7,8.246294,6.097056,8.822156,0.549,4096,98368,1
cpu,n,shortlist_level,4096,65536,64,4,16384,48,7,7.459747,5.413941,8.664008,0.581,4096,98368,1
cpu,n,shortlist_level,8192,65536,64,4,16384,48,7,6.039191,3.860237,8.378275,0.536,4096,98368,1
cpu,n,shortlist_level,16384,65536,64,4,16384,48,7,10.244135,5.964583,15.379375,0.551,4096,98368,1
cpu,n,shortlist_level,32768,65536,64,4,16384,48,7,9.398846,5.997178,12.060720,0.557,4096,98368,1
cpu,n,shortlist_level,65536,65536,64,4,16384,48,7,7.928350,7.237017,12.039637,0.660,4096,114752,1
cpu,n,shortlist_level,131072,65536,64,4,16384,48,7,11.790479,4.886941,14.205052,0.594,4096,90176,1
cpu,n,shortlist_level,262144,65536,64,4,16384,48,7,11.356971,8.283342,13.502415,0.644,4096,86080,1
cpu,n,shortlist_level,524288,65536,64,4,16384,48,7,18.985839,11.420884,23.874433,0.539,4096,74816,1
cpu,n,shortlist_level,1048576,65536,64,4,16384,32,7,31.811370,19.215124,34.736414,0.533,4096,69952,1
cpu,c,per_unit,65536,16384,4,4,262144,48,7,134.680122,133.744668,136.096238,0.981,262144,21568,0
cpu,c,per_unit,65536,32768,4,4,262144,48,7,135.114326,134.357143,136.283632,0.932,262144,45120,0
cpu,c,per_unit,65536,65536,4,4,262144,48,7,134.876388,133.243704,136.259987,1.036,262144,114752,0
cpu,c,per_unit,65536,131072,4,4,262144,48,7,134.633156,133.990941,138.271393,0.927,262144,196672,0
cpu,c,per_unit,65536,262144,4,4,262144,48,7,135.737674,133.590172,144.588468,0.974,262144,393280,0
cpu,c,per_unit,65536,524288,4,4,262144,48,7,133.499397,132.267696,139.103067,1.004,262144,786496,0
cpu,c,per_unit,65536,1048576,4,4,262144,48,7,135.005004,134.115933,137.001269,1.041,262144,1572928,0
cpu,c,per_unit,65536,2097152,4,4,262144,48,7,143.521860,140.288496,145.711092,1.082,262144,3145792,0
cpu,c,per_unit,65536,4194304,4,4,262144,48,7,155.962698,149.726131,160.984938,1.290,262144,6291520,0
cpu,c,per_unit,65536,8388608,4,4,262144,48,7,171.368529,162.413071,175.119952,1.667,262144,12582976,0
cpu,c,per_connection,65536,16384,4,4,65536,48,7,66.253376,62.864005,68.263316,1.093,86272,21568,0
cpu,c,per_connection,65536,32768,4,4,131072,48,7,126.350174,124.599880,129.184779,1.151,180480,45120,0
cpu,c,per_connection,65536,65536,4,4,262144,48,7,295.422298,293.684016,301.872400,1.219,459008,114752,0
cpu,c,per_connection,65536,131072,4,4,524288,48,7,507.908316,486.684900,510.415731,1.186,786688,196672,0
cpu,c,per_connection,65536,262144,4,4,1048576,48,7,997.215940,996.028622,1006.484056,1.234,1573120,393280,0
cpu,c,per_connection,65536,524288,4,4,2097152,48,7,2011.460265,1999.482169,2027.727792,1.333,3145984,786496,0
cpu,c,per_connection,65536,1048576,4,4,4194304,48,7,4188.195292,4135.024361,4200.045679,1.326,6291712,1572928,0
cpu,c,global,65536,16384,4,4,4,4,7,0.754833,0.593225,0.784297,0.861,4,21568,0
cpu,c,global,65536,32768,4,4,4,4,7,0.915934,0.546767,1.098949,0.902,4,45120,0
cpu,c,global,65536,65536,4,4,4,4,7,1.828607,1.148796,1.901925,0.911,4,114752,0
cpu,c,global,65536,131072,4,4,4,4,7,2.077462,0.823018,2.700941,0.906,4,196672,0
cpu,c,global,65536,262144,4,4,4,4,7,2.785297,2.524627,3.783637,0.867,4,393280,0
cpu,c,global,65536,524288,4,4,4,4,7,2.857087,2.703539,4.207623,0.874,4,786496,0
cpu,c,global,65536,1048576,4,4,4,4,7,5.413181,4.170313,7.148047,0.969,4,1572928,0
cpu,c,global,65536,2097152,4,4,4,4,7,9.313862,7.719031,12.574673,1.045,4,3145792,0
cpu,c,global,65536,4194304,4,4,4,4,7,20.922480,19.796872,24.934523,1.281,4,6291520,0
cpu,c,global,65536,8388608,4,4,4,4,7,34.997355,33.515758,38.224686,1.658,4,12582976,0
cpu,c,shortlist,65536,16384,64,4,4096,32,7,3.463311,3.164328,3.772582,0.507,4096,21568,0
cpu,c,shortlist,65536,32768,64,4,4096,48,7,5.044196,3.692472,5.969370,0.522,4096,45120,1
cpu,c,shortlist,65536,65536,64,4,4096,48,7,4.253970,3.903495,4.467046,0.627,4096,114752,1
cpu,c,shortlist,65536,131072,64,4,4096,48,7,6.243045,3.248584,7.652199,0.548,4096,196672,1
cpu,c,shortlist,65536,262144,64,4,4096,48,7,8.345734,5.676124,8.989867,0.550,4096,393280,1
cpu,c,shortlist,65536,524288,64,4,4096,48,7,5.434075,4.996450,8.109183,0.597,4096,786496,1
cpu,c,shortlist,65536,1048576,64,4,4096,48,7,10.991443,7.316254,12.129969,0.617,4096,1572928,1
cpu,c,shortlist,65536,2097152,64,4,4096,48,7,11.683224,10.440875,16.723128,0.799,4096,3145792,1
cpu,c,shortlist,65536,4194304,64,4,4096,48,7,22.911928,21.952418,26.927387,0.981,4096,6291520,1
cpu,c,shortlist,65536,8388608,64,4,4096,48,7,40.314776,37.331483,42.974590,1.345,4096,12582976,1
cpu,c,shortlist_level,65536,16384,64,4,16384,48,7,6.677593,4.251269,11.134288,0.613,4096,21568,1
cpu,c,shortlist_level,65536,32768,64,4,16384,48,7,7.502409,3.870966,11.401368,0.591,4096,45120,1
cpu,c,shortlist_level,65536,65536,64,4,16384,48,7,9.158239,7.530528,12.558549,0.735,4096,114752,1
cpu,c,shortlist_level,65536,131072,64,4,16384,48,7,11.429170,6.153366,15.276335,0.578,4096,196672,1
cpu,c,shortlist_level,65536,262144,64,4,16384,48,7,11.343685,8.970834,13.440806,0.606,4096,393280,1
cpu,c,shortlist_level,65536,524288,64,4,16384,48,7,10.355071,7.243731,12.811226,0.619,4096,786496,1
cpu,c,shortlist_level,65536,1048576,64,4,16384,48,7,12.245549,9.087125,14.461748,0.682,4096,1572928,1
cpu,c,shortlist_level,65536,2097152,64,4,16384,48,7,18.092878,10.949994,20.738724,0.770,4096,3145792,1
cpu,c,shortlist_level,65536,4194304,64,4,16384,48,7,23.998166,22.921070,32.445813,0.963,4096,6291520,1
cpu,c,shortlist_level,65536,8388608,64,4,16384,48,7,37.457084,33.638675,43.159863,1.454,4096,12582976,1
cpu,p,per_unit,65536,65536,1,4,65536,48,7,39.752910,39.485215,39.973358,0.895,65536,114752,0
cpu,p,per_unit,65536,65536,2,4,131072,48,7,77.102681,67.746934,78.929152,1.002,131072,114752,0
cpu,p,per_unit,65536,65536,4,4,262144,48,7,134.541496,133.871444,135.324714,0.999,262144,114752,0
cpu,p,per_unit,65536,65536,8,4,524288,48,7,260.443903,257.799163,262.785879,1.024,524288,114752,0
cpu,p,per_unit,65536,65536,16,4,1048576,48,7,526.515082,518.303797,529.165816,1.038,1048576,114752,0
cpu,p,per_unit,65536,65536,32,4,2097152,48,7,1055.712447,1051.292419,1058.678296,1.015,2097152,114752,0
cpu,p,per_connection,65536,65536,1,4,65536,48,7,122.590298,98.978446,127.084404,1.195,114752,114752,0
cpu,p,per_connection,65536,65536,2,4,131072,48,7,182.111866,165.698266,186.785662,1.294,229504,114752,0
cpu,p,per_connection,65536,65536,4,4,262144,48,7,294.981294,276.881658,297.596523,1.173,459008,114752,0
cpu,p,per_connection,65536,65536,8,4,524288,48,7,564.868371,557.611497,569.252738,1.184,918016,114752,0
cpu,p,per_connection,65536,65536,16,4,1048576,48,7,1063.243116,1049.427659,1065.803969,1.359,1836032,114752,0
cpu,p,per_connection,65536,65536,32,4,2097152,48,7,2177.943761,2158.473450,2181.314344,1.284,3672064,114752,0
cpu,p,global,65536,65536,64,4,64,45,7,1.000893,0.880234,1.753775,1.002,64,114752,0
cpu,p,global,65536,65536,1024,4,1024,48,7,1.411194,1.016073,1.977117,1.058,1024,114752,0
cpu,p,global,65536,65536,16384,4,16384,48,7,14.769359,10.546461,17.274974,0.986,16384,114752,0
cpu,p,global,65536,65536,262144,4,262144,48,7,147.653421,146.258046,148.900293,1.077,262144,114752,0
cpu,p,global,65536,65536,1048576,4,1048576,48,7,582.742181,580.255446,586.233875,1.073,1048576,114752,0
cpu,p,shortlist,65536,65536,16,4,256,48,7,1.924320,0.899577,2.012907,0.613,256,114752,0
cpu,p,shortlist,65536,65536,32,4,1024,48,7,2.104642,1.121772,2.375276,0.647,1024,114752,1
cpu,p,shortlist,65536,65536,64,4,4096,48,7,4.051563,2.233578,6.580398,0.631,4096,114752,1
cpu,p,shortlist,65536,65536,128,4,16384,48,7,11.863196,7.813230,16.761013,0.638,16384,114752,1
cpu,p,shortlist,65536,65536,256,4,65536,48,7,42.633995,28.997888,43.905318,0.655,65536,114752,1
cpu,p,shortlist_level,65536,65536,16,4,1024,48,7,3.358966,1.775952,5.242333,0.690,256,114752,1
cpu,p,shortlist_level,65536,65536,32,4,4096,48,7,7.615754,2.973748,8.080326,0.684,1024,114752,1
cpu,p,shortlist_level,65536,65536,64,4,16384,48,7,9.316469,6.056288,10.519906,0.709,4096,114752,1
cpu,p,shortlist_level,65536,65536,128,4,65536,48,7,19.704073,7.973744,28.906780,0.645,16384,114752,1
cpu,p,shortlist_level,65536,65536,256,4,262144,48,7,45.478526,43.026349,124.146006,0.636,65536,114752,1
