strategy,N,C,P,candidates,px_total4_synced_ms,px_total4_pipelined_ms,px_total4_dispatch_ms,px_lsd3_synced_ms,px_lsd3_pipelined_ms,px_lsd3_dispatch_ms,cx_event_ms,px_total4_nsys_busy_ms,px_lsd3_nsys_busy_ms,cx_nsys_busy_ms,px_total4_sort_ms,px_lsd3_sort_ms,cx_sort_ms,px_total4_kernels,px_lsd3_kernels,cx_kernels,px_total4_memcpys,cx_memcpys,px_lsd3_memsets,cx_memsets
per_unit,65536,65536,4,262144,0.5286,0.3983,0.1746,0.3962,0.297,0.1817,0.331,0.3989,0.2781,0.2518,0.2467,0.1052,0.1471,123,108,53,12,7,18,26
per_unit,262144,65536,4,1048576,2.1246,1.2369,0.5462,0.6037,0.4888,0.1853,0.569,1.2383,0.4721,0.4868,1.0064,0.2078,0.2787,145,109,53,10,7,18,26
per_unit,1048576,65536,4,4194304,8.1158,7.0449,0.5565,2.7801,2.0241,0.7862,2.097,5.2787,1.9812,2.0092,4.558,1.2568,0.9815,170,113,53,10,7,18,26
per_unit,1048576,65536,8,8388608,37.7618,36.282,0.987,5.879,5.4028,0.4602,6.314,,,,,,,,,,,,,
per_unit,1048576,65536,32,33554432,197.165,195.5183,1.0837,24.0968,22.9866,1.0245,34.562,195.2912,22.9628,34.4871,185.2624,16.424,16.3729,216,116,53,10,7,18,26
global,65536,65536,4,4,0.2407,0.1068,0.1191,0.2099,0.1059,0.0953,0.153,0.0987,0.1079,0.0916,0.0013,0.0034,0.0441,65,68,35,11,7,0,4
exhaustive,2048,65536,0,4194304,9.3811,8.1236,0.6094,3.0276,2.5613,1.2289,2.126,,,,,,,,,,,,,
exhaustive,4096,65536,0,16777216,97.7866,95.9462,1.1508,16.2249,15.265,0.818,16.012,95.7833,15.2703,15.9698,89.9146,8.0938,8.0195,221,136,53,13,7,18,26
per_connection,65536,65536,4,262144,1.2551,0.8823,0.3861,0.725,0.5909,0.2432,2.459,0.8793,,0.3338,0.5997,,0.1997,195,,67,22,8,,36
shortlist,65536,65536,64,4096,0.3155,0.205,0.1215,0.4093,0.2986,0.1248,5.887,0.198,,0.1224,0.0737,,0.0482,77,,36,12,12,,4
