call,px_per_unit_65536_ms,px_global_ms,cx_per_unit_65536_ms
1,5.74,2.99,1.1553
2,1.03,0.67,0.3390
3,0.95,0.67,0.3354
4,0.89,0.61,0.3364
5,0.79,0.56,0.3351
6,0.76,0.56,0.3356
7,0.72,0.57,0.3367
8,0.72,0.46,0.3346
9,0.71,0.32,0.3354
10,0.71,0.27,0.3356
11,0.69,0.30,0.3349
12,0.67,0.33,0.3343
13,0.62,0.27,0.3355
14,0.62,0.25,0.3343
15,0.61,0.24,0.3341
16,0.59,0.24,0.3359
17,0.54,0.24,0.3349
18,0.54,0.24,0.3351
19,0.54,0.24,0.3329
20,0.54,0.24,0.3340
21,0.54,0.23,0.3347
22,0.54,0.24,0.3417
23,0.54,0.24,0.3350
24,0.53,0.24,0.3337
25,0.54,0.23,0.3345
26,0.53,0.24,0.3340
27,0.54,0.23,0.3366
28,0.54,0.23,0.3352
29,0.54,0.23,0.3344
30,0.54,0.23,0.3359
