timestamp, name, clocks.current.sm [MHz], clocks.current.memory [MHz], utilization.gpu [%]
2026/10/09 22:15:47.453, NVIDIA RTX 5000 Ada Generation, 210 MHz, 405 MHz, 0 %
2026/10/09 22:15:47.956, NVIDIA RTX 5000 Ada Generation, 210 MHz, 405 MHz, 0 %
2026/10/09 22:15:48.456, NVIDIA RTX 5000 Ada Generation, 210 MHz, 405 MHz, 0 %
2026/10/09 22:15:48.956, NVIDIA RTX 5000 Ada Generation, 2505 MHz, 8551 MHz, 0 %
2026/10/09 22:15:49.456, NVIDIA RTX 5000 Ada Generation, 2505 MHz, 8551 MHz, 0 %
2026/10/09 22:15:49.956, NVIDIA RTX 5000 Ada Generation, 2505 MHz, 8551 MHz, 0 %
2026/10/09 22:15:50.456, NVIDIA RTX 5000 Ada Generation, 2505 MHz, 8551 MHz, 0 %
2026/10/09 22:15:50.957, NVIDIA RTX 5000 Ada Generation, 2505 MHz, 8551 MHz, 0 %
2026/10/09 22:15:51.457, NVIDIA RTX 5000 Ada Generation, 2505 MHz, 8551 MHz, 0 %
2026/10/09 22:15:51.957, NVIDIA RTX 5000 Ada Generation, 2505 MHz, 8551 MHz, 0 %
2026/10/09 22:15:52.457, NVIDIA RTX 5000 Ada Generation, 2505 MHz, 8551 MHz, 0 %
2026/10/09 22:15:52.957, NVIDIA RTX 5000 Ada Generation, 2505 MHz, 8551 MHz, 0 %
2026/10/09 22:15:53.457, NVIDIA RTX 5000 Ada Generation, 2505 MHz, 8551 MHz, 0 %
2026/10/09 22:15:53.957, NVIDIA RTX 5000 Ada Generation, 2505 MHz, 8551 MHz, 0 %
2026/10/09 22:15:54.458, NVIDIA RTX 5000 Ada Generation, 2505 MHz, 8551 MHz, 0 %
2026/10/09 22:15:54.958, NVIDIA RTX 5000 Ada Generation, 2505 MHz, 8551 MHz, 0 %
2026/10/09 22:15:55.458, NVIDIA RTX 5000 Ada Generation, 2505 MHz, 8551 MHz, 0 %
2026/10/09 22:15:55.958, NVIDIA RTX 5000 Ada Generation, 2505 MHz, 8551 MHz, 0 %
2026/10/09 22:15:56.458, NVIDIA RTX 5000 Ada Generation, 2505 MHz, 8551 MHz, 0 %
2026/10/09 22:15:56.958, NVIDIA RTX 5000 Ada Generation, 2505 MHz, 8551 MHz, 0 %
2026/10/09 22:15:57.459, NVIDIA RTX 5000 Ada Generation, 2505 MHz, 8551 MHz, 0 %
2026/10/09 22:15:57.959, NVIDIA RTX 5000 Ada Generation, 2505 MHz, 8551 MHz, 0 %
2026/10/09 22:15:58.459, NVIDIA RTX 5000 Ada Generation, 2505 MHz, 8551 MHz, 2 %
2026/10/09 22:15:58.959, NVIDIA RTX 5000 Ada Generation, 2505 MHz, 8551 MHz, 0 %
2026/10/09 22:15:59.459, NVIDIA RTX 5000 Ada Generation, 2505 MHz, 8551 MHz, 0 %
2026/10/09 22:15:59.960, NVIDIA RTX 5000 Ada Generation, 2505 MHz, 8551 MHz, 0 %
2026/10/09 22:16:00.460, NVIDIA RTX 5000 Ada Generation, 2505 MHz, 8551 MHz, 0 %
2026/10/09 22:16:00.960, NVIDIA RTX 5000 Ada Generation, 2505 MHz, 8551 MHz, 0 %
2026/10/09 22:16:01.460, NVIDIA RTX 5000 Ada Generation, 2505 MHz, 8551 MHz, 0 %
2026/10/09 22:16:01.960, NVIDIA RTX 5000 Ada Generation, 2505 MHz, 8551 MHz, 0 %
2026/10/09 22:16:02.461, NVIDIA RTX 5000 Ada Generation, 2505 MHz, 8551 MHz, 0 %
2026/10/09 22:16:02.961, NVIDIA RTX 5000 Ada Generation, 2505 MHz, 8551 MHz, 0 %
2026/10/09 22:16:03.461, NVIDIA RTX 5000 Ada Generation, 2505 MHz, 8551 MHz, 0 %
2026/10/09 22:16:03.961, NVIDIA RTX 5000 Ada Generation, 2505 MHz, 8551 MHz, 0 %
2026/10/09 22:16:04.461, NVIDIA RTX 5000 Ada Generation, 2505 MHz, 8551 MHz, 0 %
2026/10/09 22:16:04.961, NVIDIA RTX 5000 Ada Generation, 2505 MHz, 8551 MHz, 0 %
2026/10/09 22:16:05.462, NVIDIA RTX 5000 Ada Generation, 2505 MHz, 8551 MHz, 0 %
2026/10/09 22:16:05.962, NVIDIA RTX 5000 Ada Generation, 2505 MHz, 8551 MHz, 0 %
2026/10/09 22:16:06.462, NVIDIA RTX 5000 Ada Generation, 2505 MHz, 8551 MHz, 6 %
2026/10/09 22:16:06.962, NVIDIA RTX 5000 Ada Generation, 2505 MHz, 8551 MHz, 0 %
2026/10/09 22:16:07.462, NVIDIA RTX 5000 Ada Generation, 2505 MHz, 8551 MHz, 0 %
2026/10/09 22:16:07.963, NVIDIA RTX 5000 Ada Generation, 2505 MHz, 8551 MHz, 0 %
2026/10/09 22:16:08.463, NVIDIA RTX 5000 Ada Generation, 2505 MHz, 8551 MHz, 0 %
2026/10/09 22:16:08.963, NVIDIA RTX 5000 Ada Generation, 2505 MHz, 8551 MHz, 0 %
2026/10/09 22:16:09.463, NVIDIA RTX 5000 Ada Generation, 2505 MHz, 8551 MHz, 0 %
2026/10/09 22:16:09.964, NVIDIA RTX 5000 Ada Generation, 2505 MHz, 8551 MHz, 0 %
2026/10/09 22:16:10.464, NVIDIA RTX 5000 Ada Generation, 2505 MHz, 8551 MHz, 0 %
2026/10/09 22:16:10.964, NVIDIA RTX 5000 Ada Generation, 2505 MHz, 8551 MHz, 0 %
2026/10/09 22:16:11.464, NVIDIA RTX 5000 Ada Generation, 2505 MHz, 8551 MHz, 0 %
2026/10/09 22:16:11.964, NVIDIA RTX 5000 Ada Generation, 2505 MHz, 8551 MHz, 0 %
2026/10/09 22:16:12.464, NVIDIA RTX 5000 Ada Generation, 2505 MHz, 8551 MHz, 0 %
2026/10/09 22:16:12.964, NVIDIA RTX 5000 Ada Generation, 2505 MHz, 8551 MHz, 0 %
2026/10/09 22:16:13.465, NVIDIA RTX 5000 Ada Generation, 2505 MHz, 8551 MHz, 0 %
2026/10/09 22:16:13.965, NVIDIA RTX 5000 Ada Generation, 2505 MHz, 8551 MHz, 0 %
2026/10/09 22:16:14.465, NVIDIA RTX 5000 Ada Generation, 2505 MHz, 8551 MHz, 1 %
2026/10/09 22:16:14.965, NVIDIA RTX 5000 Ada Generation, 2505 MHz, 8551 MHz, 0 %
2026/10/09 22:16:15.465, NVIDIA RTX 5000 Ada Generation, 2505 MHz, 8551 MHz, 0 %
2026/10/09 22:16:15.965, NVIDIA RTX 5000 Ada Generation, 2505 MHz, 8551 MHz, 0 %
2026/10/09 22:16:16.465, NVIDIA RTX 5000 Ada Generation, 2505 MHz, 8551 MHz, 0 %
2026/10/09 22:16:16.966, NVIDIA RTX 5000 Ada Generation, 2505 MHz, 8551 MHz, 0 %
2026/10/09 22:16:17.466, NVIDIA RTX 5000 Ada Generation, 2505 MHz, 8551 MHz, 3 %
2026/10/09 22:16:17.966, NVIDIA RTX 5000 Ada Generation, 2505 MHz, 8551 MHz, 0 %
2026/10/09 22:16:18.466, NVIDIA RTX 5000 Ada Generation, 2505 MHz, 8551 MHz, 0 %
2026/10/09 22:16:18.966, NVIDIA RTX 5000 Ada Generation, 2505 MHz, 8551 MHz, 0 %
2026/10/09 22:16:19.467, NVIDIA RTX 5000 Ada Generation, 2505 MHz, 8551 MHz, 0 %
2026/10/09 22:16:19.967, NVIDIA RTX 5000 Ada Generation, 2505 MHz, 8551 MHz, 0 %
2026/10/09 22:16:20.467, NVIDIA RTX 5000 Ada Generation, 2505 MHz, 8551 MHz, 0 %
2026/10/09 22:16:20.967, NVIDIA RTX 5000 Ada Generation, 2505 MHz, 8551 MHz, 0 %
2026/10/09 22:16:21.467, NVIDIA RTX 5000 Ada Generation, 2505 MHz, 8551 MHz, 0 %
2026/10/09 22:16:21.968, NVIDIA RTX 5000 Ada Generation, 2505 MHz, 8551 MHz, 0 %
2026/10/09 22:16:22.468, NVIDIA RTX 5000 Ada Generation, 2505 MHz, 8551 MHz, 0 %
2026/10/09 22:16:22.968, NVIDIA RTX 5000 Ada Generation, 2505 MHz, 8551 MHz, 3 %
2026/10/09 22:16:23.468, NVIDIA RTX 5000 Ada Generation, 2505 MHz, 8551 MHz, 0 %
2026/10/09 22:16:23.968, NVIDIA RTX 5000 Ada Generation, 2505 MHz, 8551 MHz, 0 %
2026/10/09 22:16:24.470, NVIDIA RTX 5000 Ada Generation, 2505 MHz, 8551 MHz, 0 %
2026/10/09 22:16:24.970, NVIDIA RTX 5000 Ada Generation, 2505 MHz, 8551 MHz, 0 %
2026/10/09 22:16:25.470, NVIDIA RTX 5000 Ada Generation, 2505 MHz, 8551 MHz, 0 %
2026/10/09 22:16:25.970, NVIDIA RTX 5000 Ada Generation, 2505 MHz, 8551 MHz, 0 %
2026/10/09 22:16:26.470, NVIDIA RTX 5000 Ada Generation, 2505 MHz, 8551 MHz, 0 %
2026/10/09 22:16:26.971, NVIDIA RTX 5000 Ada Generation, 2505 MHz, 8551 MHz, 0 %
2026/10/09 22:16:27.471, NVIDIA RTX 5000 Ada Generation, 2505 MHz, 8551 MHz, 0 %
2026/10/09 22:16:27.971, NVIDIA RTX 5000 Ada Generation, 2505 MHz, 8551 MHz, 0 %
2026/10/09 22:16:28.471, NVIDIA RTX 5000 Ada Generation, 2505 MHz, 8551 MHz, 0 %
2026/10/09 22:16:28.971, NVIDIA RTX 5000 Ada Generation, 2505 MHz, 8551 MHz, 0 %
2026/10/09 22:16:29.471, NVIDIA RTX 5000 Ada Generation, 2505 MHz, 8551 MHz, 0 %
2026/10/09 22:16:29.972, NVIDIA RTX 5000 Ada Generation, 2505 MHz, 8551 MHz, 0 %
2026/10/09 22:16:30.472, NVIDIA RTX 5000 Ada Generation, 2505 MHz, 8551 MHz, 0 %
2026/10/09 22:16:30.972, NVIDIA RTX 5000 Ada Generation, 2505 MHz, 8551 MHz, 0 %
2026/10/09 22:16:31.472, NVIDIA RTX 5000 Ada Generation, 2505 MHz, 8551 MHz, 0 %
2026/10/09 22:16:31.972, NVIDIA RTX 5000 Ada Generation, 2505 MHz, 8551 MHz, 0 %
2026/10/09 22:16:32.472, NVIDIA RTX 5000 Ada Generation, 2505 MHz, 8551 MHz, 0 %
2026/10/09 22:16:32.972, NVIDIA RTX 5000 Ada Generation, 2505 MHz, 8551 MHz, 0 %
2026/10/09 22:16:33.473, NVIDIA RTX 5000 Ada Generation, 2505 MHz, 8551 MHz, 0 %
2026/10/09 22:16:33.973, NVIDIA RTX 5000 Ada Generation, 2505 MHz, 8551 MHz, 0 %
2026/10/09 22:16:34.473, NVIDIA RTX 5000 Ada Generation, 2505 MHz, 8551 MHz, 0 %
2026/10/09 22:16:34.974, NVIDIA RTX 5000 Ada Generation, 2505 MHz, 8551 MHz, 0 %
2026/10/09 22:16:35.474, NVIDIA RTX 5000 Ada Generation, 2505 MHz, 8551 MHz, 0 %
2026/10/09 22:16:35.974, NVIDIA RTX 5000 Ada Generation, 2505 MHz, 8551 MHz, 0 %
2026/10/09 22:16:36.474, NVIDIA RTX 5000 Ada Generation, 2505 MHz, 8551 MHz, 0 %
2026/10/09 22:16:36.974, NVIDIA RTX 5000 Ada Generation, 2505 MHz, 8551 MHz, 0 %
2026/10/09 22:16:37.474, NVIDIA RTX 5000 Ada Generation, 2505 MHz, 8551 MHz, 0 %
2026/10/09 22:16:37.974, NVIDIA RTX 5000 Ada Generation, 2505 MHz, 8551 MHz, 0 %
2026/10/09 22:16:38.474, NVIDIA RTX 5000 Ada Generation, 2505 MHz, 8551 MHz, 0 %
2026/10/09 22:16:38.975, NVIDIA RTX 5000 Ada Generation, 2505 MHz, 8551 MHz, 0 %
2026/10/09 22:16:39.475, NVIDIA RTX 5000 Ada Generation, 2505 MHz, 8551 MHz, 0 %
2026/10/09 22:16:39.975, NVIDIA RTX 5000 Ada Generation, 2505 MHz, 8551 MHz, 0 %
2026/10/09 22:16:40.475, NVIDIA RTX 5000 Ada Generation, 2505 MHz, 8551 MHz, 0 %
2026/10/09 22:16:40.975, NVIDIA RTX 5000 Ada Generation, 2505 MHz, 8551 MHz, 0 %
2026/10/09 22:16:41.475, NVIDIA RTX 5000 Ada Generation, 2505 MHz, 8551 MHz, 0 %
2026/10/09 22:16:41.976, NVIDIA RTX 5000 Ada Generation, 2505 MHz, 8551 MHz, 0 %
2026/10/09 22:16:42.476, NVIDIA RTX 5000 Ada Generation, 2505 MHz, 8551 MHz, 0 %
2026/10/09 22:16:42.976, NVIDIA RTX 5000 Ada Generation, 2505 MHz, 8551 MHz, 0 %
2026/10/09 22:16:43.476, NVIDIA RTX 5000 Ada Generation, 2505 MHz, 8551 MHz, 0 %
2026/10/09 22:16:43.976, NVIDIA RTX 5000 Ada Generation, 2505 MHz, 8551 MHz, 0 %
2026/10/09 22:16:44.476, NVIDIA RTX 5000 Ada Generation, 2505 MHz, 8551 MHz, 0 %
2026/10/09 22:16:44.977, NVIDIA RTX 5000 Ada Generation, 2505 MHz, 8551 MHz, 0 %
2026/10/09 22:16:45.477, NVIDIA RTX 5000 Ada Generation, 2505 MHz, 8551 MHz, 0 %
2026/10/09 22:16:45.977, NVIDIA RTX 5000 Ada Generation, 2505 MHz, 8551 MHz, 0 %
2026/10/09 22:16:46.477, NVIDIA RTX 5000 Ada Generation, 2505 MHz, 8551 MHz, 0 %
2026/10/09 22:16:46.977, NVIDIA RTX 5000 Ada Generation, 2505 MHz, 8551 MHz, 0 %
2026/10/09 22:16:47.477, NVIDIA RTX 5000 Ada Generation, 2505 MHz, 8551 MHz, 0 %
2026/10/09 22:16:47.978, NVIDIA RTX 5000 Ada Generation, 2505 MHz, 8551 MHz, 0 %
2026/10/09 22:16:48.478, NVIDIA RTX 5000 Ada Generation, 2505 MHz, 8551 MHz, 0 %
2026/10/09 22:16:48.978, NVIDIA RTX 5000 Ada Generation, 2505 MHz, 8551 MHz, 0 %
2026/10/09 22:16:49.478, NVIDIA RTX 5000 Ada Generation, 2505 MHz, 8551 MHz, 0 %
2026/10/09 22:16:49.978, NVIDIA RTX 5000 Ada Generation, 2505 MHz, 8551 MHz, 0 %
2026/10/09 22:16:50.478, NVIDIA RTX 5000 Ada Generation, 2505 MHz, 8551 MHz, 0 %
2026/10/09 22:16:50.978, NVIDIA RTX 5000 Ada Generation, 2505 MHz, 8551 MHz, 0 %
2026/10/09 22:16:51.479, NVIDIA RTX 5000 Ada Generation, 2505 MHz, 8551 MHz, 0 %
2026/10/09 22:16:51.979, NVIDIA RTX 5000 Ada Generation, 2505 MHz, 8551 MHz, 0 %
2026/10/09 22:16:52.479, NVIDIA RTX 5000 Ada Generation, 2505 MHz, 8551 MHz, 0 %
2026/10/09 22:16:52.979, NVIDIA RTX 5000 Ada Generation, 2505 MHz, 8551 MHz, 0 %
2026/10/09 22:16:53.479, NVIDIA RTX 5000 Ada Generation, 2505 MHz, 8551 MHz, 0 %
2026/10/09 22:16:53.979, NVIDIA RTX 5000 Ada Generation, 2505 MHz, 8551 MHz, 0 %
2026/10/09 22:16:54.480, NVIDIA RTX 5000 Ada Generation, 2505 MHz, 8551 MHz, 0 %
2026/10/09 22:16:54.980, NVIDIA RTX 5000 Ada Generation, 2505 MHz, 8551 MHz, 0 %
2026/10/09 22:16:55.480, NVIDIA RTX 5000 Ada Generation, 2505 MHz, 8551 MHz, 0 %
2026/10/09 22:16:55.980, NVIDIA RTX 5000 Ada Generation, 2505 MHz, 8551 MHz, 0 %
2026/10/09 22:16:56.480, NVIDIA RTX 5000 Ada Generation, 2505 MHz, 8551 MHz, 0 %
2026/10/09 22:16:56.980, NVIDIA RTX 5000 Ada Generation, 2505 MHz, 8551 MHz, 0 %
2026/10/09 22:16:57.480, NVIDIA RTX 5000 Ada Generation, 2505 MHz, 8551 MHz, 0 %
2026/10/09 22:16:57.981, NVIDIA RTX 5000 Ada Generation, 2505 MHz, 8551 MHz, 0 %
2026/10/09 22:16:58.481, NVIDIA RTX 5000 Ada Generation, 2505 MHz, 8551 MHz, 0 %
2026/10/09 22:16:58.981, NVIDIA RTX 5000 Ada Generation, 2505 MHz, 8551 MHz, 0 %
2026/10/09 22:16:59.481, NVIDIA RTX 5000 Ada Generation, 2505 MHz, 8551 MHz, 0 %
2026/10/09 22:16:59.981, NVIDIA RTX 5000 Ada Generation, 2505 MHz, 8551 MHz, 0 %
2026/10/09 22:17:00.481, NVIDIA RTX 5000 Ada Generation, 2505 MHz, 8551 MHz, 3 %
2026/10/09 22:17:00.982, NVIDIA RTX 5000 Ada Generation, 2505 MHz, 8551 MHz, 0 %
2026/10/09 22:17:01.482, NVIDIA RTX 5000 Ada Generation, 2505 MHz, 8551 MHz, 0 %
2026/10/09 22:17:01.982, NVIDIA RTX 5000 Ada Generation, 2505 MHz, 8551 MHz, 0 %
2026/10/09 22:17:02.482, NVIDIA RTX 5000 Ada Generation, 2505 MHz, 8551 MHz, 0 %
2026/10/09 22:17:02.982, NVIDIA RTX 5000 Ada Generation, 2505 MHz, 8551 MHz, 0 %
2026/10/09 22:17:03.483, NVIDIA RTX 5000 Ada Generation, 2505 MHz, 8551 MHz, 4 %
2026/10/09 22:17:03.983, NVIDIA RTX 5000 Ada Generation, 2505 MHz, 8551 MHz, 0 %
2026/10/09 22:17:04.483, NVIDIA RTX 5000 Ada Generation, 2505 MHz, 8551 MHz, 0 %
2026/10/09 22:17:04.983, NVIDIA RTX 5000 Ada Generation, 2505 MHz, 8551 MHz, 0 %
2026/10/09 22:17:05.484, NVIDIA RTX 5000 Ada Generation, 2505 MHz, 8551 MHz, 0 %
2026/10/09 22:17:05.984, NVIDIA RTX 5000 Ada Generation, 2505 MHz, 8551 MHz, 0 %
2026/10/09 22:17:06.484, NVIDIA RTX 5000 Ada Generation, 2505 MHz, 8551 MHz, 7 %
2026/10/09 22:17:06.984, NVIDIA RTX 5000 Ada Generation, 2505 MHz, 8551 MHz, 0 %
2026/10/09 22:17:07.485, NVIDIA RTX 5000 Ada Generation, 2505 MHz, 8551 MHz, 0 %
2026/10/09 22:17:07.985, NVIDIA RTX 5000 Ada Generation, 2505 MHz, 8551 MHz, 0 %
2026/10/09 22:17:08.485, NVIDIA RTX 5000 Ada Generation, 2505 MHz, 8551 MHz, 0 %
2026/10/09 22:17:08.985, NVIDIA RTX 5000 Ada Generation, 2505 MHz, 8551 MHz, 0 %
2026/10/09 22:17:09.485, NVIDIA RTX 5000 Ada Generation, 2505 MHz, 8551 MHz, 0 %
2026/10/09 22:17:09.985, NVIDIA RTX 5000 Ada Generation, 2505 MHz, 8551 MHz, 0 %
2026/10/09 22:17:10.485, NVIDIA RTX 5000 Ada Generation, 2505 MHz, 8551 MHz, 0 %
2026/10/09 22:17:10.986, NVIDIA RTX 5000 Ada Generation, 2505 MHz, 8551 MHz, 0 %
2026/10/09 22:17:11.486, NVIDIA RTX 5000 Ada Generation, 2505 MHz, 8551 MHz, 0 %
2026/10/09 22:17:11.986, NVIDIA RTX 5000 Ada Generation, 2505 MHz, 8551 MHz, 0 %
2026/10/09 22:17:12.486, NVIDIA RTX 5000 Ada Generation, 2505 MHz, 8551 MHz, 0 %
2026/10/09 22:17:12.986, NVIDIA RTX 5000 Ada Generation, 2505 MHz, 8551 MHz, 0 %
2026/10/09 22:17:13.486, NVIDIA RTX 5000 Ada Generation, 2505 MHz, 8551 MHz, 0 %
2026/10/09 22:17:13.986, NVIDIA RTX 5000 Ada Generation, 2505 MHz, 8551 MHz, 0 %
2026/10/09 22:17:14.487, NVIDIA RTX 5000 Ada Generation, 2505 MHz, 8551 MHz, 0 %
2026/10/09 22:17:14.987, NVIDIA RTX 5000 Ada Generation, 2505 MHz, 8551 MHz, 0 %
2026/10/09 22:17:15.487, NVIDIA RTX 5000 Ada Generation, 2505 MHz, 8551 MHz, 3 %
2026/10/09 22:17:15.987, NVIDIA RTX 5000 Ada Generation, 2505 MHz, 8551 MHz, 0 %
2026/10/09 22:17:16.487, NVIDIA RTX 5000 Ada Generation, 2505 MHz, 8551 MHz, 0 %
2026/10/09 22:17:16.987, NVIDIA RTX 5000 Ada Generation, 2505 MHz, 8551 MHz, 0 %
2026/10/09 22:17:17.488, NVIDIA RTX 5000 Ada Generation, 2505 MHz, 8551 MHz, 0 %
2026/10/09 22:17:17.988, NVIDIA RTX 5000 Ada Generation, 2505 MHz, 8551 MHz, 0 %
2026/10/09 22:17:18.488, NVIDIA RTX 5000 Ada Generation, 2505 MHz, 8551 MHz, 8 %
2026/10/09 22:17:18.988, NVIDIA RTX 5000 Ada Generation, 2505 MHz, 8551 MHz, 0 %
2026/10/09 22:17:19.488, NVIDIA RTX 5000 Ada Generation, 2505 MHz, 8551 MHz, 0 %
2026/10/09 22:17:19.989, NVIDIA RTX 5000 Ada Generation, 2505 MHz, 8551 MHz, 0 %
2026/10/09 22:17:20.489, NVIDIA RTX 5000 Ada Generation, 2505 MHz, 8551 MHz, 0 %
2026/10/09 22:17:20.989, NVIDIA RTX 5000 Ada Generation, 2505 MHz, 8551 MHz, 0 %
2026/10/09 22:17:21.489, NVIDIA RTX 5000 Ada Generation, 2505 MHz, 8551 MHz, 7 %
2026/10/09 22:17:21.989, NVIDIA RTX 5000 Ada Generation, 2505 MHz, 8551 MHz, 0 %
2026/10/09 22:17:22.489, NVIDIA RTX 5000 Ada Generation, 2505 MHz, 8551 MHz, 0 %
2026/10/09 22:17:22.989, NVIDIA RTX 5000 Ada Generation, 2505 MHz, 8551 MHz, 0 %
2026/10/09 22:17:23.490, NVIDIA RTX 5000 Ada Generation, 2505 MHz, 8551 MHz, 0 %
2026/10/09 22:17:23.990, NVIDIA RTX 5000 Ada Generation, 2505 MHz, 8551 MHz, 0 %
2026/10/09 22:17:24.490, NVIDIA RTX 5000 Ada Generation, 2505 MHz, 8551 MHz, 29 %
2026/10/09 22:17:24.990, NVIDIA RTX 5000 Ada Generation, 2505 MHz, 8551 MHz, 0 %
2026/10/09 22:17:25.490, NVIDIA RTX 5000 Ada Generation, 2505 MHz, 8551 MHz, 0 %
2026/10/09 22:17:25.991, NVIDIA RTX 5000 Ada Generation, 2505 MHz, 8551 MHz, 0 %
2026/10/09 22:17:26.491, NVIDIA RTX 5000 Ada Generation, 2505 MHz, 8551 MHz, 0 %
2026/10/09 22:17:26.991, NVIDIA RTX 5000 Ada Generation, 2505 MHz, 8551 MHz, 0 %
2026/10/09 22:17:27.491, NVIDIA RTX 5000 Ada Generation, 2505 MHz, 8551 MHz, 0 %
2026/10/09 22:17:27.991, NVIDIA RTX 5000 Ada Generation, 2505 MHz, 8551 MHz, 0 %
2026/10/09 22:17:28.491, NVIDIA RTX 5000 Ada Generation, 2505 MHz, 8551 MHz, 0 %
2026/10/09 22:17:28.992, NVIDIA RTX 5000 Ada Generation, 2505 MHz, 8551 MHz, 0 %
2026/10/09 22:17:29.492, NVIDIA RTX 5000 Ada Generation, 2505 MHz, 8551 MHz, 0 %
2026/10/09 22:17:29.992, NVIDIA RTX 5000 Ada Generation, 2505 MHz, 8551 MHz, 0 %
2026/10/09 22:17:30.492, NVIDIA RTX 5000 Ada Generation, 2505 MHz, 8551 MHz, 0 %
2026/10/09 22:17:30.992, NVIDIA RTX 5000 Ada Generation, 2505 MHz, 8551 MHz, 0 %
2026/10/09 22:17:31.492, NVIDIA RTX 5000 Ada Generation, 2505 MHz, 8551 MHz, 0 %
2026/10/09 22:17:31.992, NVIDIA RTX 5000 Ada Generation, 2505 MHz, 8551 MHz, 0 %
2026/10/09 22:17:32.493, NVIDIA RTX 5000 Ada Generation, 2505 MHz, 8551 MHz, 0 %
2026/10/09 22:17:32.993, NVIDIA RTX 5000 Ada Generation, 2505 MHz, 8551 MHz, 0 %
2026/10/09 22:17:33.493, NVIDIA RTX 5000 Ada Generation, 2505 MHz, 8551 MHz, 0 %
2026/10/09 22:17:33.993, NVIDIA RTX 5000 Ada Generation, 2505 MHz, 8551 MHz, 0 %
2026/10/09 22:17:34.493, NVIDIA RTX 5000 Ada Generation, 2505 MHz, 8551 MHz, 0 %
2026/10/09 22:17:34.993, NVIDIA RTX 5000 Ada Generation, 2505 MHz, 8551 MHz, 0 %
2026/10/09 22:17:35.493, NVIDIA RTX 5000 Ada Generation, 2505 MHz, 8551 MHz, 0 %
2026/10/09 22:17:35.994, NVIDIA RTX 5000 Ada Generation, 2505 MHz, 8551 MHz, 0 %
2026/10/09 22:17:36.494, NVIDIA RTX 5000 Ada Generation, 2505 MHz, 8551 MHz, 0 %
2026/10/09 22:17:36.994, NVIDIA RTX 5000 Ada Generation, 2505 MHz, 8551 MHz, 0 %
2026/10/09 22:17:37.494, NVIDIA RTX 5000 Ada Generation, 2505 MHz, 8551 MHz, 0 %
2026/10/09 22:17:37.994, NVIDIA RTX 5000 Ada Generation, 2505 MHz, 8551 MHz, 0 %
2026/10/09 22:17:38.498, NVIDIA RTX 5000 Ada Generation, 2505 MHz, 8551 MHz, 0 %
2026/10/09 22:17:38.998, NVIDIA RTX 5000 Ada Generation, 2505 MHz, 8551 MHz, 0 %
2026/10/09 22:17:39.498, NVIDIA RTX 5000 Ada Generation, 2505 MHz, 8551 MHz, 12 %
2026/10/09 22:17:39.998, NVIDIA RTX 5000 Ada Generation, 2505 MHz, 8551 MHz, 0 %
2026/10/09 22:17:40.498, NVIDIA RTX 5000 Ada Generation, 2505 MHz, 8551 MHz, 0 %
2026/10/09 22:17:40.999, NVIDIA RTX 5000 Ada Generation, 2505 MHz, 8551 MHz, 0 %
2026/10/09 22:17:41.499, NVIDIA RTX 5000 Ada Generation, 2505 MHz, 8551 MHz, 0 %
2026/10/09 22:17:41.999, NVIDIA RTX 5000 Ada Generation, 2505 MHz, 8551 MHz, 0 %
2026/10/09 22:17:42.499, NVIDIA RTX 5000 Ada Generation, 2505 MHz, 8551 MHz, 0 %
2026/10/09 22:17:42.999, NVIDIA RTX 5000 Ada Generation, 2505 MHz, 8551 MHz, 0 %
2026/10/09 22:17:43.499, NVIDIA RTX 5000 Ada Generation, 2505 MHz, 8551 MHz, 0 %
2026/10/09 22:17:43.999, NVIDIA RTX 5000 Ada Generation, 2505 MHz, 8551 MHz, 0 %
2026/10/09 22:17:44.500, NVIDIA RTX 5000 Ada Generation, 2505 MHz, 8551 MHz, 0 %
2026/10/09 22:17:45.000, NVIDIA RTX 5000 Ada Generation, 2505 MHz, 8551 MHz, 0 %
2026/10/09 22:17:45.500, NVIDIA RTX 5000 Ada Generation, 2505 MHz, 8551 MHz, 0 %
2026/10/09 22:17:46.000, NVIDIA RTX 5000 Ada Generation, 2505 MHz, 8551 MHz, 0 %
2026/10/09 22:17:46.501, NVIDIA RTX 5000 Ada Generation, 2505 MHz, 8551 MHz, 0 %
2026/10/09 22:17:47.001, NVIDIA RTX 5000 Ada Generation, 2505 MHz, 8551 MHz, 0 %
2026/10/09 22:17:47.501, NVIDIA RTX 5000 Ada Generation, 2505 MHz, 8551 MHz, 0 %
2026/10/09 22:17:48.001, NVIDIA RTX 5000 Ada Generation, 2505 MHz, 8551 MHz, 0 %
2026/10/09 22:17:48.501, NVIDIA RTX 5000 Ada Generation, 2505 MHz, 8551 MHz, 0 %
2026/10/09 22:17:49.001, NVIDIA RTX 5000 Ada Generation, 2505 MHz, 8551 MHz, 96 %
2026/10/09 22:17:49.501, NVIDIA RTX 5000 Ada Generation, 2505 MHz, 8551 MHz, 0 %
2026/10/09 22:17:50.002, NVIDIA RTX 5000 Ada Generation, 2505 MHz, 8551 MHz, 0 %
2026/10/09 22:17:50.502, NVIDIA RTX 5000 Ada Generation, 2505 MHz, 8551 MHz, 0 %
2026/10/09 22:17:51.002, NVIDIA RTX 5000 Ada Generation, 2505 MHz, 8551 MHz, 1 %
2026/10/09 22:17:51.502, NVIDIA RTX 5000 Ada Generation, 2505 MHz, 8551 MHz, 0 %
2026/10/09 22:17:52.002, NVIDIA RTX 5000 Ada Generation, 2505 MHz, 8551 MHz, 0 %
2026/10/09 22:17:52.502, NVIDIA RTX 5000 Ada Generation, 2505 MHz, 8551 MHz, 0 %
2026/10/09 22:17:53.002, NVIDIA RTX 5000 Ada Generation, 2505 MHz, 8551 MHz, 0 %
2026/10/09 22:17:53.503, NVIDIA RTX 5000 Ada Generation, 2505 MHz, 8551 MHz, 0 %
2026/10/09 22:17:54.003, NVIDIA RTX 5000 Ada Generation, 2505 MHz, 8551 MHz, 0 %
2026/10/09 22:17:54.503, NVIDIA RTX 5000 Ada Generation, 2505 MHz, 8551 MHz, 0 %
2026/10/09 22:17:55.003, NVIDIA RTX 5000 Ada Generation, 2505 MHz, 8551 MHz, 0 %
2026/10/09 22:17:55.503, NVIDIA RTX 5000 Ada Generation, 2505 MHz, 8551 MHz, 0 %
2026/10/09 22:17:56.003, NVIDIA RTX 5000 Ada Generation, 2505 MHz, 8551 MHz, 0 %
2026/10/09 22:17:56.504, NVIDIA RTX 5000 Ada Generation, 2505 MHz, 8551 MHz, 0 %
2026/10/09 22:17:57.004, NVIDIA RTX 5000 Ada Generation, 2505 MHz, 8551 MHz, 0 %
2026/10/09 22:17:57.504, NVIDIA RTX 5000 Ada Generation, 2505 MHz, 8551 MHz, 0 %
2026/10/09 22:17:58.004, NVIDIA RTX 5000 Ada Generation, 2505 MHz, 8551 MHz, 0 %
2026/10/09 22:17:58.504, NVIDIA RTX 5000 Ada Generation, 2505 MHz, 8551 MHz, 0 %
2026/10/09 22:17:59.004, NVIDIA RTX 5000 Ada Generation, 2505 MHz, 8551 MHz, 0 %
2026/10/09 22:17:59.505, NVIDIA RTX 5000 Ada Generation, 2505 MHz, 8551 MHz, 0 %
2026/10/09 22:18:00.005, NVIDIA RTX 5000 Ada Generation, 2505 MHz, 8551 MHz, 0 %
2026/10/09 22:18:00.505, NVIDIA RTX 5000 Ada Generation, 2505 MHz, 8551 MHz, 0 %
2026/10/09 22:18:01.005, NVIDIA RTX 5000 Ada Generation, 2505 MHz, 8551 MHz, 71 %
2026/10/09 22:18:01.505, NVIDIA RTX 5000 Ada Generation, 2505 MHz, 8551 MHz, 0 %
2026/10/09 22:18:02.006, NVIDIA RTX 5000 Ada Generation, 2505 MHz, 8551 MHz, 0 %
2026/10/09 22:18:02.506, NVIDIA RTX 5000 Ada Generation, 2505 MHz, 8551 MHz, 0 %
2026/10/09 22:18:03.006, NVIDIA RTX 5000 Ada Generation, 2505 MHz, 8551 MHz, 0 %
2026/10/09 22:18:03.506, NVIDIA RTX 5000 Ada Generation, 2505 MHz, 8551 MHz, 0 %
2026/10/09 22:18:04.006, NVIDIA RTX 5000 Ada Generation, 2505 MHz, 8551 MHz, 76 %
2026/10/09 22:18:04.506, NVIDIA RTX 5000 Ada Generation, 2505 MHz, 8551 MHz, 0 %
2026/10/09 22:18:05.007, NVIDIA RTX 5000 Ada Generation, 2505 MHz, 8551 MHz, 0 %
2026/10/09 22:18:05.507, NVIDIA RTX 5000 Ada Generation, 2505 MHz, 8551 MHz, 0 %
2026/10/09 22:18:06.007, NVIDIA RTX 5000 Ada Generation, 2505 MHz, 8551 MHz, 0 %
2026/10/09 22:18:06.508, NVIDIA RTX 5000 Ada Generation, 2505 MHz, 8551 MHz, 0 %
2026/10/09 22:18:07.008, NVIDIA RTX 5000 Ada Generation, 2505 MHz, 8551 MHz, 0 %
2026/10/09 22:18:07.508, NVIDIA RTX 5000 Ada Generation, 2505 MHz, 8551 MHz, 0 %
2026/10/09 22:18:08.008, NVIDIA RTX 5000 Ada Generation, 2505 MHz, 8551 MHz, 98 %
2026/10/09 22:18:08.509, NVIDIA RTX 5000 Ada Generation, 2505 MHz, 8551 MHz, 1 %
2026/10/09 22:18:09.009, NVIDIA RTX 5000 Ada Generation, 2505 MHz, 8551 MHz, 0 %
2026/10/09 22:18:09.509, NVIDIA RTX 5000 Ada Generation, 2505 MHz, 8551 MHz, 0 %
2026/10/09 22:18:10.009, NVIDIA RTX 5000 Ada Generation, 2505 MHz, 8551 MHz, 0 %
2026/10/09 22:18:10.509, NVIDIA RTX 5000 Ada Generation, 2505 MHz, 8551 MHz, 0 %
2026/10/09 22:18:11.009, NVIDIA RTX 5000 Ada Generation, 2505 MHz, 8551 MHz, 12 %
2026/10/09 22:18:11.510, NVIDIA RTX 5000 Ada Generation, 2505 MHz, 8551 MHz, 0 %
2026/10/09 22:18:12.010, NVIDIA RTX 5000 Ada Generation, 2505 MHz, 8551 MHz, 0 %
2026/10/09 22:18:12.510, NVIDIA RTX 5000 Ada Generation, 2505 MHz, 8551 MHz, 0 %
2026/10/09 22:18:13.010, NVIDIA RTX 5000 Ada Generation, 2505 MHz, 8551 MHz, 0 %
2026/10/09 22:18:13.510, NVIDIA RTX 5000 Ada Generation, 2505 MHz, 8551 MHz, 0 %
2026/10/09 22:18:14.010, NVIDIA RTX 5000 Ada Generation, 2505 MHz, 8551 MHz, 55 %
2026/10/09 22:18:14.511, NVIDIA RTX 5000 Ada Generation, 2505 MHz, 8551 MHz, 0 %
2026/10/09 22:18:15.011, NVIDIA RTX 5000 Ada Generation, 2505 MHz, 8551 MHz, 0 %
2026/10/09 22:18:15.511, NVIDIA RTX 5000 Ada Generation, 2505 MHz, 8551 MHz, 0 %
2026/10/09 22:18:16.014, NVIDIA RTX 5000 Ada Generation, 2505 MHz, 8551 MHz, 0 %
2026/10/09 22:18:16.514, NVIDIA RTX 5000 Ada Generation, 2505 MHz, 8551 MHz, 0 %
2026/10/09 22:18:17.014, NVIDIA RTX 5000 Ada Generation, 2505 MHz, 8551 MHz, 0 %
2026/10/09 22:18:17.514, NVIDIA RTX 5000 Ada Generation, 2505 MHz, 8551 MHz, 0 %
2026/10/09 22:18:18.014, NVIDIA RTX 5000 Ada Generation, 2505 MHz, 8551 MHz, 0 %
2026/10/09 22:18:18.514, NVIDIA RTX 5000 Ada Generation, 2505 MHz, 8551 MHz, 0 %
2026/10/09 22:18:19.015, NVIDIA RTX 5000 Ada Generation, 2505 MHz, 8551 MHz, 0 %
2026/10/09 22:18:19.515, NVIDIA RTX 5000 Ada Generation, 2505 MHz, 8551 MHz, 0 %
2026/10/09 22:18:20.015, NVIDIA RTX 5000 Ada Generation, 2505 MHz, 8551 MHz, 0 %
2026/10/09 22:18:20.516, NVIDIA RTX 5000 Ada Generation, 2505 MHz, 8551 MHz, 96 %
2026/10/09 22:18:21.016, NVIDIA RTX 5000 Ada Generation, 2505 MHz, 8551 MHz, 0 %
2026/10/09 22:18:21.516, NVIDIA RTX 5000 Ada Generation, 2505 MHz, 8551 MHz, 0 %
2026/10/09 22:18:22.016, NVIDIA RTX 5000 Ada Generation, 2505 MHz, 8551 MHz, 0 %
2026/10/09 22:18:22.518, NVIDIA RTX 5000 Ada Generation, 2505 MHz, 8551 MHz, 0 %
2026/10/09 22:18:23.018, NVIDIA RTX 5000 Ada Generation, 2505 MHz, 8551 MHz, 0 %
2026/10/09 22:18:23.518, NVIDIA RTX 5000 Ada Generation, 2505 MHz, 8551 MHz, 0 %
2026/10/09 22:18:24.018, NVIDIA RTX 5000 Ada Generation, 2505 MHz, 8551 MHz, 98 %
2026/10/09 22:18:24.519, NVIDIA RTX 5000 Ada Generation, 2505 MHz, 8551 MHz, 1 %
2026/10/09 22:18:25.019, NVIDIA RTX 5000 Ada Generation, 2505 MHz, 8551 MHz, 0 %
2026/10/09 22:18:25.519, NVIDIA RTX 5000 Ada Generation, 2505 MHz, 8551 MHz, 0 %
2026/10/09 22:18:26.019, NVIDIA RTX 5000 Ada Generation, 2505 MHz, 8551 MHz, 0 %
2026/10/09 22:18:26.520, NVIDIA RTX 5000 Ada Generation, 2505 MHz, 8551 MHz, 0 %
2026/10/09 22:18:27.020, NVIDIA RTX 5000 Ada Generation, 2505 MHz, 8551 MHz, 0 %
2026/10/09 22:18:27.520, NVIDIA RTX 5000 Ada Generation, 2505 MHz, 8551 MHz, 0 %
2026/10/09 22:18:28.021, NVIDIA RTX 5000 Ada Generation, 2505 MHz, 8551 MHz, 98 %
2026/10/09 22:18:28.521, NVIDIA RTX 5000 Ada Generation, 2505 MHz, 8551 MHz, 100 %
2026/10/09 22:18:29.022, NVIDIA RTX 5000 Ada Generation, 2505 MHz, 8551 MHz, 98 %
2026/10/09 22:18:29.522, NVIDIA RTX 5000 Ada Generation, 2505 MHz, 8551 MHz, 0 %
2026/10/09 22:18:30.022, NVIDIA RTX 5000 Ada Generation, 2505 MHz, 8551 MHz, 0 %
2026/10/09 22:18:30.523, NVIDIA RTX 5000 Ada Generation, 2505 MHz, 8551 MHz, 0 %
2026/10/09 22:18:31.023, NVIDIA RTX 5000 Ada Generation, 2505 MHz, 8551 MHz, 0 %
2026/10/09 22:18:31.523, NVIDIA RTX 5000 Ada Generation, 2505 MHz, 8551 MHz, 0 %
2026/10/09 22:18:32.023, NVIDIA RTX 5000 Ada Generation, 2505 MHz, 8551 MHz, 0 %
2026/10/09 22:18:32.524, NVIDIA RTX 5000 Ada Generation, 2505 MHz, 8551 MHz, 0 %
2026/10/09 22:18:33.024, NVIDIA RTX 5000 Ada Generation, 2505 MHz, 8551 MHz, 0 %
2026/10/09 22:18:33.524, NVIDIA RTX 5000 Ada Generation, 2505 MHz, 8551 MHz, 0 %
2026/10/09 22:18:34.024, NVIDIA RTX 5000 Ada Generation, 2505 MHz, 8551 MHz, 0 %
2026/10/09 22:18:34.524, NVIDIA RTX 5000 Ada Generation, 2505 MHz, 8551 MHz, 0 %
2026/10/09 22:18:35.024, NVIDIA RTX 5000 Ada Generation, 2505 MHz, 8551 MHz, 0 %
2026/10/09 22:18:35.525, NVIDIA RTX 5000 Ada Generation, 2505 MHz, 8551 MHz, 0 %
2026/10/09 22:18:36.025, NVIDIA RTX 5000 Ada Generation, 2505 MHz, 8551 MHz, 2 %
2026/10/09 22:18:36.525, NVIDIA RTX 5000 Ada Generation, 2505 MHz, 8551 MHz, 0 %
2026/10/09 22:18:37.025, NVIDIA RTX 5000 Ada Generation, 2505 MHz, 8551 MHz, 0 %
2026/10/09 22:18:37.525, NVIDIA RTX 5000 Ada Generation, 2505 MHz, 8551 MHz, 0 %
2026/10/09 22:18:38.025, NVIDIA RTX 5000 Ada Generation, 2505 MHz, 8551 MHz, 0 %
2026/10/09 22:18:38.525, NVIDIA RTX 5000 Ada Generation, 2505 MHz, 8551 MHz, 0 %
2026/10/09 22:18:39.026, NVIDIA RTX 5000 Ada Generation, 2505 MHz, 8551 MHz, 0 %
2026/10/09 22:18:39.526, NVIDIA RTX 5000 Ada Generation, 2505 MHz, 8551 MHz, 0 %
2026/10/09 22:18:40.026, NVIDIA RTX 5000 Ada Generation, 2505 MHz, 8551 MHz, 0 %
2026/10/09 22:18:40.526, NVIDIA RTX 5000 Ada Generation, 2505 MHz, 8551 MHz, 0 %
2026/10/09 22:18:41.026, NVIDIA RTX 5000 Ada Generation, 2505 MHz, 8551 MHz, 0 %
2026/10/09 22:18:41.527, NVIDIA RTX 5000 Ada Generation, 2505 MHz, 8551 MHz, 0 %
2026/10/09 22:18:42.027, NVIDIA RTX 5000 Ada Generation, 2505 MHz, 8551 MHz, 0 %
2026/10/09 22:18:42.527, NVIDIA RTX 5000 Ada Generation, 2505 MHz, 8551 MHz, 0 %
2026/10/09 22:18:43.027, NVIDIA RTX 5000 Ada Generation, 2505 MHz, 8551 MHz, 0 %
2026/10/09 22:18:43.527, NVIDIA RTX 5000 Ada Generation, 2505 MHz, 8551 MHz, 0 %
2026/10/09 22:18:44.028, NVIDIA RTX 5000 Ada Generation, 2505 MHz, 8551 MHz, 0 %
2026/10/09 22:18:44.528, NVIDIA RTX 5000 Ada Generation, 2505 MHz, 8551 MHz, 0 %
2026/10/09 22:18:45.028, NVIDIA RTX 5000 Ada Generation, 2505 MHz, 8551 MHz, 0 %
2026/10/09 22:18:45.528, NVIDIA RTX 5000 Ada Generation, 2505 MHz, 8551 MHz, 0 %
2026/10/09 22:18:46.028, NVIDIA RTX 5000 Ada Generation, 2505 MHz, 8551 MHz, 0 %
2026/10/09 22:18:46.528, NVIDIA RTX 5000 Ada Generation, 2505 MHz, 8551 MHz, 0 %
2026/10/09 22:18:47.028, NVIDIA RTX 5000 Ada Generation, 2505 MHz, 8551 MHz, 0 %
2026/10/09 22:18:47.528, NVIDIA RTX 5000 Ada Generation, 2505 MHz, 8551 MHz, 0 %
2026/10/09 22:18:48.029, NVIDIA RTX 5000 Ada Generation, 2505 MHz, 8551 MHz, 0 %
2026/10/09 22:18:48.529, NVIDIA RTX 5000 Ada Generation, 2505 MHz, 8551 MHz, 0 %
2026/10/09 22:18:49.029, NVIDIA RTX 5000 Ada Generation, 2505 MHz, 8551 MHz, 0 %
2026/10/09 22:18:49.529, NVIDIA RTX 5000 Ada Generation, 2505 MHz, 8551 MHz, 0 %
2026/10/09 22:18:50.029, NVIDIA RTX 5000 Ada Generation, 2505 MHz, 8551 MHz, 0 %
2026/10/09 22:18:50.529, NVIDIA RTX 5000 Ada Generation, 2505 MHz, 8551 MHz, 0 %
2026/10/09 22:18:51.029, NVIDIA RTX 5000 Ada Generation, 2505 MHz, 8551 MHz, 0 %
2026/10/09 22:18:51.530, NVIDIA RTX 5000 Ada Generation, 2505 MHz, 8551 MHz, 0 %
2026/10/09 22:18:52.030, NVIDIA RTX 5000 Ada Generation, 2505 MHz, 8551 MHz, 0 %
2026/10/09 22:18:52.530, NVIDIA RTX 5000 Ada Generation, 2505 MHz, 8551 MHz, 0 %
2026/10/09 22:18:53.030, NVIDIA RTX 5000 Ada Generation, 2505 MHz, 8551 MHz, 0 %
2026/10/09 22:18:53.530, NVIDIA RTX 5000 Ada Generation, 2505 MHz, 8551 MHz, 0 %
2026/10/09 22:18:54.031, NVIDIA RTX 5000 Ada Generation, 2505 MHz, 8551 MHz, 0 %
2026/10/09 22:18:54.531, NVIDIA RTX 5000 Ada Generation, 2505 MHz, 8551 MHz, 0 %
2026/10/09 22:18:55.031, NVIDIA RTX 5000 Ada Generation, 2505 MHz, 8551 MHz, 0 %
2026/10/09 22:18:55.531, NVIDIA RTX 5000 Ada Generation, 2505 MHz, 8551 MHz, 0 %
2026/10/09 22:18:56.031, NVIDIA RTX 5000 Ada Generation, 2505 MHz, 8551 MHz, 0 %
2026/10/09 22:18:56.532, NVIDIA RTX 5000 Ada Generation, 2505 MHz, 8551 MHz, 0 %
2026/10/09 22:18:57.032, NVIDIA RTX 5000 Ada Generation, 2505 MHz, 8551 MHz, 0 %
2026/10/09 22:18:57.533, NVIDIA RTX 5000 Ada Generation, 2505 MHz, 8551 MHz, 0 %
2026/10/09 22:18:58.033, NVIDIA RTX 5000 Ada Generation, 2505 MHz, 8551 MHz, 0 %
2026/10/09 22:18:58.533, NVIDIA RTX 5000 Ada Generation, 2505 MHz, 8551 MHz, 18 %
2026/10/09 22:18:59.033, NVIDIA RTX 5000 Ada Generation, 2505 MHz, 8551 MHz, 0 %
2026/10/09 22:18:59.533, NVIDIA RTX 5000 Ada Generation, 2505 MHz, 8551 MHz, 0 %
2026/10/09 22:19:00.034, NVIDIA RTX 5000 Ada Generation, 2505 MHz, 8551 MHz, 0 %
2026/10/09 22:19:00.534, NVIDIA RTX 5000 Ada Generation, 2505 MHz, 8551 MHz, 0 %
2026/10/09 22:19:01.034, NVIDIA RTX 5000 Ada Generation, 2505 MHz, 8551 MHz, 0 %
2026/10/09 22:19:01.534, NVIDIA RTX 5000 Ada Generation, 2505 MHz, 8551 MHz, 34 %
2026/10/09 22:19:02.034, NVIDIA RTX 5000 Ada Generation, 2505 MHz, 8551 MHz, 0 %
2026/10/09 22:19:02.534, NVIDIA RTX 5000 Ada Generation, 2505 MHz, 8551 MHz, 0 %
2026/10/09 22:19:03.035, NVIDIA RTX 5000 Ada Generation, 2505 MHz, 8551 MHz, 0 %
2026/10/09 22:19:03.535, NVIDIA RTX 5000 Ada Generation, 2505 MHz, 8551 MHz, 0 %
2026/10/09 22:19:04.035, NVIDIA RTX 5000 Ada Generation, 2505 MHz, 8551 MHz, 0 %
2026/10/09 22:19:04.535, NVIDIA RTX 5000 Ada Generation, 2505 MHz, 8551 MHz, 60 %
2026/10/09 22:19:05.035, NVIDIA RTX 5000 Ada Generation, 2505 MHz, 8551 MHz, 0 %
2026/10/09 22:19:05.535, NVIDIA RTX 5000 Ada Generation, 2505 MHz, 8551 MHz, 0 %
2026/10/09 22:19:06.036, NVIDIA RTX 5000 Ada Generation, 2505 MHz, 8551 MHz, 0 %
2026/10/09 22:19:06.536, NVIDIA RTX 5000 Ada Generation, 2505 MHz, 8551 MHz, 0 %
2026/10/09 22:19:07.036, NVIDIA RTX 5000 Ada Generation, 2505 MHz, 8551 MHz, 0 %
2026/10/09 22:19:07.536, NVIDIA RTX 5000 Ada Generation, 2505 MHz, 8551 MHz, 0 %
2026/10/09 22:19:08.036, NVIDIA RTX 5000 Ada Generation, 2505 MHz, 8551 MHz, 0 %
2026/10/09 22:19:08.537, NVIDIA RTX 5000 Ada Generation, 2505 MHz, 8551 MHz, 35 %
2026/10/09 22:19:09.037, NVIDIA RTX 5000 Ada Generation, 2505 MHz, 8551 MHz, 0 %
2026/10/09 22:19:09.537, NVIDIA RTX 5000 Ada Generation, 2505 MHz, 8551 MHz, 0 %
2026/10/09 22:19:10.037, NVIDIA RTX 5000 Ada Generation, 2505 MHz, 8551 MHz, 0 %
2026/10/09 22:19:10.537, NVIDIA RTX 5000 Ada Generation, 2505 MHz, 8551 MHz, 0 %
2026/10/09 22:19:11.037, NVIDIA RTX 5000 Ada Generation, 2505 MHz, 8551 MHz, 0 %
2026/10/09 22:19:11.538, NVIDIA RTX 5000 Ada Generation, 2505 MHz, 8551 MHz, 0 %
2026/10/09 22:19:12.038, NVIDIA RTX 5000 Ada Generation, 2505 MHz, 8551 MHz, 0 %
2026/10/09 22:19:12.538, NVIDIA RTX 5000 Ada Generation, 2505 MHz, 8551 MHz, 0 %
2026/10/09 22:19:13.038, NVIDIA RTX 5000 Ada Generation, 2505 MHz, 8551 MHz, 0 %
2026/10/09 22:19:13.538, NVIDIA RTX 5000 Ada Generation, 2505 MHz, 8551 MHz, 0 %
2026/10/09 22:19:14.038, NVIDIA RTX 5000 Ada Generation, 2505 MHz, 8551 MHz, 0 %
2026/10/09 22:19:14.539, NVIDIA RTX 5000 Ada Generation, 2505 MHz, 8551 MHz, 0 %
2026/10/09 22:19:15.039, NVIDIA RTX 5000 Ada Generation, 2505 MHz, 8551 MHz, 0 %
2026/10/09 22:19:15.539, NVIDIA RTX 5000 Ada Generation, 2505 MHz, 8551 MHz, 0 %
2026/10/09 22:19:16.040, NVIDIA RTX 5000 Ada Generation, 2505 MHz, 8551 MHz, 0 %
2026/10/09 22:19:16.540, NVIDIA RTX 5000 Ada Generation, 2505 MHz, 8551 MHz, 0 %
2026/10/09 22:19:17.040, NVIDIA RTX 5000 Ada Generation, 2505 MHz, 8551 MHz, 0 %
2026/10/09 22:19:17.540, NVIDIA RTX 5000 Ada Generation, 2505 MHz, 8551 MHz, 0 %
2026/10/09 22:19:18.040, NVIDIA RTX 5000 Ada Generation, 2505 MHz, 8551 MHz, 0 %
2026/10/09 22:19:18.540, NVIDIA RTX 5000 Ada Generation, 2505 MHz, 8551 MHz, 0 %
2026/10/09 22:19:19.041, NVIDIA RTX 5000 Ada Generation, 2505 MHz, 8551 MHz, 0 %
2026/10/09 22:19:19.541, NVIDIA RTX 5000 Ada Generation, 2505 MHz, 8551 MHz, 0 %
2026/10/09 22:19:20.041, NVIDIA RTX 5000 Ada Generation, 2505 MHz, 8551 MHz, 0 %
2026/10/09 22:19:20.541, NVIDIA RTX 5000 Ada Generation, 2505 MHz, 8551 MHz, 0 %
2026/10/09 22:19:21.041, NVIDIA RTX 5000 Ada Generation, 2505 MHz, 8551 MHz, 0 %
2026/10/09 22:19:21.541, NVIDIA RTX 5000 Ada Generation, 2505 MHz, 8551 MHz, 0 %
2026/10/09 22:19:22.043, NVIDIA RTX 5000 Ada Generation, 2505 MHz, 8551 MHz, 0 %
2026/10/09 22:19:22.543, NVIDIA RTX 5000 Ada Generation, 2505 MHz, 8551 MHz, 0 %
2026/10/09 22:19:23.043, NVIDIA RTX 5000 Ada Generation, 2505 MHz, 8551 MHz, 0 %
2026/10/09 22:19:23.543, NVIDIA RTX 5000 Ada Generation, 2505 MHz, 8551 MHz, 0 %
2026/10/09 22:19:24.044, NVIDIA RTX 5000 Ada Generation, 2505 MHz, 8551 MHz, 0 %
2026/10/09 22:19:24.544, NVIDIA RTX 5000 Ada Generation, 2505 MHz, 8551 MHz, 0 %
2026/10/09 22:19:25.044, NVIDIA RTX 5000 Ada Generation, 2505 MHz, 8551 MHz, 0 %
2026/10/09 22:19:25.544, NVIDIA RTX 5000 Ada Generation, 2505 MHz, 8551 MHz, 0 %
2026/10/09 22:19:26.044, NVIDIA RTX 5000 Ada Generation, 2505 MHz, 8551 MHz, 0 %
2026/10/09 22:19:26.544, NVIDIA RTX 5000 Ada Generation, 2505 MHz, 8551 MHz, 0 %
2026/10/09 22:19:27.045, NVIDIA RTX 5000 Ada Generation, 2505 MHz, 8551 MHz, 0 %
2026/10/09 22:19:27.545, NVIDIA RTX 5000 Ada Generation, 2505 MHz, 8551 MHz, 0 %
2026/10/09 22:19:28.045, NVIDIA RTX 5000 Ada Generation, 2505 MHz, 8551 MHz, 0 %
2026/10/09 22:19:28.545, NVIDIA RTX 5000 Ada Generation, 2505 MHz, 8551 MHz, 0 %
2026/10/09 22:19:29.045, NVIDIA RTX 5000 Ada Generation, 2505 MHz, 8551 MHz, 0 %
2026/10/09 22:19:29.545, NVIDIA RTX 5000 Ada Generation, 2505 MHz, 8551 MHz, 0 %
2026/10/09 22:19:30.045, NVIDIA RTX 5000 Ada Generation, 2505 MHz, 8551 MHz, 0 %
2026/10/09 22:19:30.545, NVIDIA RTX 5000 Ada Generation, 2505 MHz, 8551 MHz, 0 %
2026/10/09 22:19:31.046, NVIDIA RTX 5000 Ada Generation, 2505 MHz, 8551 MHz, 0 %
2026/10/09 22:19:31.546, NVIDIA RTX 5000 Ada Generation, 2505 MHz, 8551 MHz, 0 %
2026/10/09 22:19:32.046, NVIDIA RTX 5000 Ada Generation, 2505 MHz, 8551 MHz, 11 %
2026/10/09 22:19:32.546, NVIDIA RTX 5000 Ada Generation, 2505 MHz, 8551 MHz, 0 %
2026/10/09 22:19:33.046, NVIDIA RTX 5000 Ada Generation, 2505 MHz, 8551 MHz, 0 %
2026/10/09 22:19:33.547, NVIDIA RTX 5000 Ada Generation, 2505 MHz, 8551 MHz, 0 %
2026/10/09 22:19:34.047, NVIDIA RTX 5000 Ada Generation, 2505 MHz, 8551 MHz, 0 %
2026/10/09 22:19:34.547, NVIDIA RTX 5000 Ada Generation, 2505 MHz, 8551 MHz, 0 %
2026/10/09 22:19:35.047, NVIDIA RTX 5000 Ada Generation, 2505 MHz, 8551 MHz, 0 %
2026/10/09 22:19:35.548, NVIDIA RTX 5000 Ada Generation, 2505 MHz, 8551 MHz, 0 %
2026/10/09 22:19:36.048, NVIDIA RTX 5000 Ada Generation, 2505 MHz, 8551 MHz, 0 %
2026/10/09 22:19:36.548, NVIDIA RTX 5000 Ada Generation, 2505 MHz, 8551 MHz, 0 %
2026/10/09 22:19:37.048, NVIDIA RTX 5000 Ada Generation, 2505 MHz, 8551 MHz, 0 %
2026/10/09 22:19:37.548, NVIDIA RTX 5000 Ada Generation, 2505 MHz, 8551 MHz, 0 %
2026/10/09 22:19:38.049, NVIDIA RTX 5000 Ada Generation, 2505 MHz, 8551 MHz, 0 %
2026/10/09 22:19:38.549, NVIDIA RTX 5000 Ada Generation, 2505 MHz, 8551 MHz, 0 %
2026/10/09 22:19:39.049, NVIDIA RTX 5000 Ada Generation, 2505 MHz, 8551 MHz, 0 %
2026/10/09 22:19:39.550, NVIDIA RTX 5000 Ada Generation, 2505 MHz, 8551 MHz, 0 %
2026/10/09 22:19:40.050, NVIDIA RTX 5000 Ada Generation, 2505 MHz, 8551 MHz, 14 %
2026/10/09 22:19:40.550, NVIDIA RTX 5000 Ada Generation, 2505 MHz, 8551 MHz, 0 %
2026/10/09 22:19:41.050, NVIDIA RTX 5000 Ada Generation, 2505 MHz, 8551 MHz, 0 %
2026/10/09 22:19:41.550, NVIDIA RTX 5000 Ada Generation, 2505 MHz, 8551 MHz, 0 %
2026/10/09 22:19:42.051, NVIDIA RTX 5000 Ada Generation, 2505 MHz, 8551 MHz, 0 %
2026/10/09 22:19:42.551, NVIDIA RTX 5000 Ada Generation, 2505 MHz, 8551 MHz, 0 %
2026/10/09 22:19:43.051, NVIDIA RTX 5000 Ada Generation, 2505 MHz, 8551 MHz, 0 %
2026/10/09 22:19:43.551, NVIDIA RTX 5000 Ada Generation, 2505 MHz, 8551 MHz, 0 %
2026/10/09 22:19:44.052, NVIDIA RTX 5000 Ada Generation, 2505 MHz, 8551 MHz, 0 %
2026/10/09 22:19:44.552, NVIDIA RTX 5000 Ada Generation, 2505 MHz, 8551 MHz, 0 %
2026/10/09 22:19:45.052, NVIDIA RTX 5000 Ada Generation, 2505 MHz, 8551 MHz, 0 %
2026/10/09 22:19:45.552, NVIDIA RTX 5000 Ada Generation, 2505 MHz, 8551 MHz, 0 %
2026/10/09 22:19:46.052, NVIDIA RTX 5000 Ada Generation, 2505 MHz, 8551 MHz, 0 %
2026/10/09 22:19:46.552, NVIDIA RTX 5000 Ada Generation, 2505 MHz, 8551 MHz, 0 %
2026/10/09 22:19:47.053, NVIDIA RTX 5000 Ada Generation, 2505 MHz, 8551 MHz, 0 %
2026/10/09 22:19:47.553, NVIDIA RTX 5000 Ada Generation, 2505 MHz, 8551 MHz, 0 %
2026/10/09 22:19:48.053, NVIDIA RTX 5000 Ada Generation, 2505 MHz, 8551 MHz, 0 %
2026/10/09 22:19:48.553, NVIDIA RTX 5000 Ada Generation, 2505 MHz, 8551 MHz, 0 %
2026/10/09 22:19:49.053, NVIDIA RTX 5000 Ada Generation, 2505 MHz, 8551 MHz, 0 %
2026/10/09 22:19:49.553, NVIDIA RTX 5000 Ada Generation, 2505 MHz, 8551 MHz, 0 %
2026/10/09 22:19:50.054, NVIDIA RTX 5000 Ada Generation, 2505 MHz, 8551 MHz, 0 %
2026/10/09 22:19:50.554, NVIDIA RTX 5000 Ada Generation, 2505 MHz, 8551 MHz, 0 %
2026/10/09 22:19:51.054, NVIDIA RTX 5000 Ada Generation, 2505 MHz, 8551 MHz, 0 %
2026/10/09 22:19:51.554, NVIDIA RTX 5000 Ada Generation, 2505 MHz, 8551 MHz, 0 %
2026/10/09 22:19:52.054, NVIDIA RTX 5000 Ada Generation, 2505 MHz, 8551 MHz, 0 %
2026/10/09 22:19:52.554, NVIDIA RTX 5000 Ada Generation, 2505 MHz, 8551 MHz, 0 %
2026/10/09 22:19:53.055, NVIDIA RTX 5000 Ada Generation, 2505 MHz, 8551 MHz, 0 %
2026/10/09 22:19:53.555, NVIDIA RTX 5000 Ada Generation, 2505 MHz, 8551 MHz, 0 %
2026/10/09 22:19:54.055, NVIDIA RTX 5000 Ada Generation, 2505 MHz, 8551 MHz, 0 %
2026/10/09 22:19:54.556, NVIDIA RTX 5000 Ada Generation, 2505 MHz, 8551 MHz, 0 %
2026/10/09 22:19:55.056, NVIDIA RTX 5000 Ada Generation, 2505 MHz, 8551 MHz, 0 %
2026/10/09 22:19:55.556, NVIDIA RTX 5000 Ada Generation, 2505 MHz, 8551 MHz, 0 %
2026/10/09 22:19:56.056, NVIDIA RTX 5000 Ada Generation, 2505 MHz, 8551 MHz, 0 %
2026/10/09 22:19:56.556, NVIDIA RTX 5000 Ada Generation, 2505 MHz, 8551 MHz, 0 %
2026/10/09 22:19:57.057, NVIDIA RTX 5000 Ada Generation, 2505 MHz, 8551 MHz, 0 %
2026/10/09 22:19:57.557, NVIDIA RTX 5000 Ada Generation, 2505 MHz, 8551 MHz, 0 %
2026/10/09 22:19:58.057, NVIDIA RTX 5000 Ada Generation, 2505 MHz, 8551 MHz, 0 %
2026/10/09 22:19:58.557, NVIDIA RTX 5000 Ada Generation, 2505 MHz, 8551 MHz, 0 %
2026/10/09 22:19:59.057, NVIDIA RTX 5000 Ada Generation, 2505 MHz, 8551 MHz, 0 %
2026/10/09 22:19:59.557, NVIDIA RTX 5000 Ada Generation, 2505 MHz, 8551 MHz, 0 %
2026/10/09 22:20:00.058, NVIDIA RTX 5000 Ada Generation, 2505 MHz, 8551 MHz, 0 %
2026/10/09 22:20:00.558, NVIDIA RTX 5000 Ada Generation, 2505 MHz, 8551 MHz, 0 %
2026/10/09 22:20:01.058, NVIDIA RTX 5000 Ada Generation, 2505 MHz, 8551 MHz, 0 %
2026/10/09 22:20:01.558, NVIDIA RTX 5000 Ada Generation, 2505 MHz, 8551 MHz, 0 %
2026/10/09 22:20:02.058, NVIDIA RTX 5000 Ada Generation, 2505 MHz, 8551 MHz, 0 %
2026/10/09 22:20:02.558, NVIDIA RTX 5000 Ada Generation, 2505 MHz, 8551 MHz, 0 %
2026/10/09 22:20:03.058, NVIDIA RTX 5000 Ada Generation, 2505 MHz, 8551 MHz, 0 %
2026/10/09 22:20:03.558, NVIDIA RTX 5000 Ada Generation, 2505 MHz, 8551 MHz, 0 %
2026/10/09 22:20:04.059, NVIDIA RTX 5000 Ada Generation, 2505 MHz, 8551 MHz, 0 %
2026/10/09 22:20:04.559, NVIDIA RTX 5000 Ada Generation, 2505 MHz, 8551 MHz, 0 %
2026/10/09 22:20:05.059, NVIDIA RTX 5000 Ada Generation, 2505 MHz, 8551 MHz, 0 %
2026/10/09 22:20:05.559, NVIDIA RTX 5000 Ada Generation, 2505 MHz, 8551 MHz, 0 %
2026/10/09 22:20:06.059, NVIDIA RTX 5000 Ada Generation, 2505 MHz, 8551 MHz, 0 %
2026/10/09 22:20:06.560, NVIDIA RTX 5000 Ada Generation, 2505 MHz, 8551 MHz, 0 %
2026/10/09 22:20:07.060, NVIDIA RTX 5000 Ada Generation, 2505 MHz, 8551 MHz, 0 %
2026/10/09 22:20:07.560, NVIDIA RTX 5000 Ada Generation, 2505 MHz, 8551 MHz, 0 %
2026/10/09 22:20:08.060, NVIDIA RTX 5000 Ada Generation, 2505 MHz, 8551 MHz, 0 %
2026/10/09 22:20:08.560, NVIDIA RTX 5000 Ada Generation, 2505 MHz, 8551 MHz, 0 %
2026/10/09 22:20:09.060, NVIDIA RTX 5000 Ada Generation, 2505 MHz, 8551 MHz, 0 %
2026/10/09 22:20:09.560, NVIDIA RTX 5000 Ada Generation, 2505 MHz, 8551 MHz, 0 %
2026/10/09 22:20:10.061, NVIDIA RTX 5000 Ada Generation, 2505 MHz, 8551 MHz, 0 %
2026/10/09 22:20:10.561, NVIDIA RTX 5000 Ada Generation, 2505 MHz, 8551 MHz, 0 %
2026/10/09 22:20:11.061, NVIDIA RTX 5000 Ada Generation, 2505 MHz, 8551 MHz, 0 %
2026/10/09 22:20:11.561, NVIDIA RTX 5000 Ada Generation, 2505 MHz, 8551 MHz, 0 %
2026/10/09 22:20:12.061, NVIDIA RTX 5000 Ada Generation, 2505 MHz, 8551 MHz, 0 %
2026/10/09 22:20:12.561, NVIDIA RTX 5000 Ada Generation, 2505 MHz, 8551 MHz, 0 %
2026/10/09 22:20:13.061, NVIDIA RTX 5000 Ada Generation, 2505 MHz, 8551 MHz, 0 %
2026/10/09 22:20:13.562, NVIDIA RTX 5000 Ada Generation, 2505 MHz, 8551 MHz, 0 %
2026/10/09 22:20:14.062, NVIDIA RTX 5000 Ada Generation, 2505 MHz, 8551 MHz, 0 %
2026/10/09 22:20:14.562, NVIDIA RTX 5000 Ada Generation, 2505 MHz, 8551 MHz, 0 %
2026/10/09 22:20:15.062, NVIDIA RTX 5000 Ada Generation, 2505 MHz, 8551 MHz, 2 %
2026/10/09 22:20:15.562, NVIDIA RTX 5000 Ada Generation, 2505 MHz, 8551 MHz, 0 %
2026/10/09 22:20:16.062, NVIDIA RTX 5000 Ada Generation, 2505 MHz, 8551 MHz, 0 %
2026/10/09 22:20:16.563, NVIDIA RTX 5000 Ada Generation, 2505 MHz, 8551 MHz, 0 %
2026/10/09 22:20:17.063, NVIDIA RTX 5000 Ada Generation, 2505 MHz, 8551 MHz, 0 %
2026/10/09 22:20:17.563, NVIDIA RTX 5000 Ada Generation, 2505 MHz, 8551 MHz, 0 %
2026/10/09 22:20:18.063, NVIDIA RTX 5000 Ada Generation, 2505 MHz, 8551 MHz, 0 %
2026/10/09 22:20:18.564, NVIDIA RTX 5000 Ada Generation, 2505 MHz, 8551 MHz, 0 %
2026/10/09 22:20:19.064, NVIDIA RTX 5000 Ada Generation, 2505 MHz, 8551 MHz, 0 %
2026/10/09 22:20:19.564, NVIDIA RTX 5000 Ada Generation, 2505 MHz, 8551 MHz, 0 %
2026/10/09 22:20:20.064, NVIDIA RTX 5000 Ada Generation, 2505 MHz, 8551 MHz, 0 %
2026/10/09 22:20:20.564, NVIDIA RTX 5000 Ada Generation, 2505 MHz, 8551 MHz, 0 %
2026/10/09 22:20:21.064, NVIDIA RTX 5000 Ada Generation, 2505 MHz, 8551 MHz, 0 %
2026/10/09 22:20:21.564, NVIDIA RTX 5000 Ada Generation, 2505 MHz, 8551 MHz, 0 %
2026/10/09 22:20:22.065, NVIDIA RTX 5000 Ada Generation, 2505 MHz, 8551 MHz, 0 %
2026/10/09 22:20:22.565, NVIDIA RTX 5000 Ada Generation, 2505 MHz, 8551 MHz, 0 %
2026/10/09 22:20:23.065, NVIDIA RTX 5000 Ada Generation, 2505 MHz, 8551 MHz, 0 %
2026/10/09 22:20:23.565, NVIDIA RTX 5000 Ada Generation, 2505 MHz, 8551 MHz, 0 %
2026/10/09 22:20:24.065, NVIDIA RTX 5000 Ada Generation, 2505 MHz, 8551 MHz, 0 %
2026/10/09 22:20:24.565, NVIDIA RTX 5000 Ada Generation, 2505 MHz, 8551 MHz, 1 %
2026/10/09 22:20:25.065, NVIDIA RTX 5000 Ada Generation, 2505 MHz, 8551 MHz, 0 %
2026/10/09 22:20:25.565, NVIDIA RTX 5000 Ada Generation, 2505 MHz, 8551 MHz, 0 %
2026/10/09 22:20:26.066, NVIDIA RTX 5000 Ada Generation, 2505 MHz, 8551 MHz, 0 %
2026/10/09 22:20:26.566, NVIDIA RTX 5000 Ada Generation, 2505 MHz, 8551 MHz, 0 %
2026/10/09 22:20:27.066, NVIDIA RTX 5000 Ada Generation, 2505 MHz, 8551 MHz, 0 %
2026/10/09 22:20:27.566, NVIDIA RTX 5000 Ada Generation, 2505 MHz, 8551 MHz, 0 %
2026/10/09 22:20:28.066, NVIDIA RTX 5000 Ada Generation, 2505 MHz, 8551 MHz, 0 %
2026/10/09 22:20:28.567, NVIDIA RTX 5000 Ada Generation, 2505 MHz, 8551 MHz, 0 %
2026/10/09 22:20:29.067, NVIDIA RTX 5000 Ada Generation, 2505 MHz, 8551 MHz, 0 %
2026/10/09 22:20:29.567, NVIDIA RTX 5000 Ada Generation, 2505 MHz, 8551 MHz, 0 %
2026/10/09 22:20:30.068, NVIDIA RTX 5000 Ada Generation, 2505 MHz, 8551 MHz, 0 %
2026/10/09 22:20:30.568, NVIDIA RTX 5000 Ada Generation, 2505 MHz, 8551 MHz, 0 %
2026/10/09 22:20:31.068, NVIDIA RTX 5000 Ada Generation, 2505 MHz, 8551 MHz, 0 %
2026/10/09 22:20:31.570, NVIDIA RTX 5000 Ada Generation, 2505 MHz, 8551 MHz, 0 %
2026/10/09 22:20:32.070, NVIDIA RTX 5000 Ada Generation, 2505 MHz, 8551 MHz, 0 %
2026/10/09 22:20:32.570, NVIDIA RTX 5000 Ada Generation, 2505 MHz, 8551 MHz, 0 %
2026/10/09 22:20:33.070, NVIDIA RTX 5000 Ada Generation, 2505 MHz, 8551 MHz, 0 %
2026/10/09 22:20:33.571, NVIDIA RTX 5000 Ada Generation, 2505 MHz, 8551 MHz, 0 %
2026/10/09 22:20:34.071, NVIDIA RTX 5000 Ada Generation, 2505 MHz, 8551 MHz, 98 %
2026/10/09 22:20:34.571, NVIDIA RTX 5000 Ada Generation, 2505 MHz, 8551 MHz, 98 %
2026/10/09 22:20:35.072, NVIDIA RTX 5000 Ada Generation, 2505 MHz, 8551 MHz, 0 %
2026/10/09 22:20:35.572, NVIDIA RTX 5000 Ada Generation, 2505 MHz, 8551 MHz, 0 %
2026/10/09 22:20:36.072, NVIDIA RTX 5000 Ada Generation, 2505 MHz, 8551 MHz, 0 %
2026/10/09 22:20:36.572, NVIDIA RTX 5000 Ada Generation, 2505 MHz, 8551 MHz, 0 %
2026/10/09 22:20:37.072, NVIDIA RTX 5000 Ada Generation, 2505 MHz, 8551 MHz, 0 %
2026/10/09 22:20:37.572, NVIDIA RTX 5000 Ada Generation, 2505 MHz, 8551 MHz, 0 %
2026/10/09 22:20:38.072, NVIDIA RTX 5000 Ada Generation, 2505 MHz, 8551 MHz, 0 %
2026/10/09 22:20:38.572, NVIDIA RTX 5000 Ada Generation, 2505 MHz, 8551 MHz, 0 %
2026/10/09 22:20:39.072, NVIDIA RTX 5000 Ada Generation, 2505 MHz, 8551 MHz, 11 %
2026/10/09 22:20:39.573, NVIDIA RTX 5000 Ada Generation, 2505 MHz, 8551 MHz, 0 %
2026/10/09 22:20:40.073, NVIDIA RTX 5000 Ada Generation, 2505 MHz, 8551 MHz, 0 %
2026/10/09 22:20:40.573, NVIDIA RTX 5000 Ada Generation, 2505 MHz, 8551 MHz, 2 %
2026/10/09 22:20:41.073, NVIDIA RTX 5000 Ada Generation, 2505 MHz, 8551 MHz, 0 %
2026/10/09 22:20:41.573, NVIDIA RTX 5000 Ada Generation, 2505 MHz, 8551 MHz, 0 %
2026/10/09 22:20:42.073, NVIDIA RTX 5000 Ada Generation, 2505 MHz, 8551 MHz, 0 %
2026/10/09 22:20:42.573, NVIDIA RTX 5000 Ada Generation, 2505 MHz, 8551 MHz, 0 %
2026/10/09 22:20:43.074, NVIDIA RTX 5000 Ada Generation, 2505 MHz, 8551 MHz, 0 %
2026/10/09 22:20:43.574, NVIDIA RTX 5000 Ada Generation, 2505 MHz, 8551 MHz, 0 %
2026/10/09 22:20:44.074, NVIDIA RTX 5000 Ada Generation, 2505 MHz, 8551 MHz, 0 %
2026/10/09 22:20:44.574, NVIDIA RTX 5000 Ada Generation, 2505 MHz, 8551 MHz, 0 %
2026/10/09 22:20:45.074, NVIDIA RTX 5000 Ada Generation, 2505 MHz, 8551 MHz, 0 %
2026/10/09 22:20:45.575, NVIDIA RTX 5000 Ada Generation, 2505 MHz, 8551 MHz, 0 %
2026/10/09 22:20:46.075, NVIDIA RTX 5000 Ada Generation, 2505 MHz, 8551 MHz, 0 %
2026/10/09 22:20:46.575, NVIDIA RTX 5000 Ada Generation, 2505 MHz, 8551 MHz, 0 %
2026/10/09 22:20:47.075, NVIDIA RTX 5000 Ada Generation, 2505 MHz, 8551 MHz, 0 %
2026/10/09 22:20:47.575, NVIDIA RTX 5000 Ada Generation, 2505 MHz, 8551 MHz, 0 %
2026/10/09 22:20:48.076, NVIDIA RTX 5000 Ada Generation, 2505 MHz, 8551 MHz, 0 %
2026/10/09 22:20:48.576, NVIDIA RTX 5000 Ada Generation, 2505 MHz, 8551 MHz, 0 %
2026/10/09 22:20:49.076, NVIDIA RTX 5000 Ada Generation, 2505 MHz, 8551 MHz, 0 %
2026/10/09 22:20:49.576, NVIDIA RTX 5000 Ada Generation, 2505 MHz, 8551 MHz, 0 %
2026/10/09 22:20:50.076, NVIDIA RTX 5000 Ada Generation, 2505 MHz, 8551 MHz, 0 %
2026/10/09 22:20:50.576, NVIDIA RTX 5000 Ada Generation, 2505 MHz, 8551 MHz, 0 %
2026/10/09 22:20:51.076, NVIDIA RTX 5000 Ada Generation, 2505 MHz, 8551 MHz, 0 %
2026/10/09 22:20:51.577, NVIDIA RTX 5000 Ada Generation, 2505 MHz, 8551 MHz, 0 %
2026/10/09 22:20:52.077, NVIDIA RTX 5000 Ada Generation, 2505 MHz, 8551 MHz, 17 %
2026/10/09 22:20:52.577, NVIDIA RTX 5000 Ada Generation, 2505 MHz, 8551 MHz, 0 %
2026/10/09 22:20:53.077, NVIDIA RTX 5000 Ada Generation, 2505 MHz, 8551 MHz, 0 %
2026/10/09 22:20:53.577, NVIDIA RTX 5000 Ada Generation, 2505 MHz, 8551 MHz, 2 %
2026/10/09 22:20:54.078, NVIDIA RTX 5000 Ada Generation, 2505 MHz, 8551 MHz, 0 %
2026/10/09 22:20:54.578, NVIDIA RTX 5000 Ada Generation, 2505 MHz, 8551 MHz, 0 %
2026/10/09 22:20:55.078, NVIDIA RTX 5000 Ada Generation, 2505 MHz, 8551 MHz, 11 %
2026/10/09 22:20:55.578, NVIDIA RTX 5000 Ada Generation, 2505 MHz, 8551 MHz, 0 %
2026/10/09 22:20:56.078, NVIDIA RTX 5000 Ada Generation, 2505 MHz, 8551 MHz, 0 %
2026/10/09 22:20:56.578, NVIDIA RTX 5000 Ada Generation, 2505 MHz, 8551 MHz, 0 %
2026/10/09 22:20:57.078, NVIDIA RTX 5000 Ada Generation, 2505 MHz, 8551 MHz, 0 %
2026/10/09 22:20:57.578, NVIDIA RTX 5000 Ada Generation, 2505 MHz, 8551 MHz, 0 %
2026/10/09 22:20:58.079, NVIDIA RTX 5000 Ada Generation, 2505 MHz, 8551 MHz, 0 %
2026/10/09 22:20:58.579, NVIDIA RTX 5000 Ada Generation, 2505 MHz, 8551 MHz, 0 %
2026/10/09 22:20:59.079, NVIDIA RTX 5000 Ada Generation, 2505 MHz, 8551 MHz, 0 %
2026/10/09 22:20:59.579, NVIDIA RTX 5000 Ada Generation, 2505 MHz, 8551 MHz, 0 %
2026/10/09 22:21:00.079, NVIDIA RTX 5000 Ada Generation, 2505 MHz, 8551 MHz, 0 %
2026/10/09 22:21:00.579, NVIDIA RTX 5000 Ada Generation, 2505 MHz, 8551 MHz, 0 %
2026/10/09 22:21:01.080, NVIDIA RTX 5000 Ada Generation, 2505 MHz, 8551 MHz, 0 %
2026/10/09 22:21:01.580, NVIDIA RTX 5000 Ada Generation, 2505 MHz, 8551 MHz, 8 %
2026/10/09 22:21:02.080, NVIDIA RTX 5000 Ada Generation, 2505 MHz, 8551 MHz, 0 %
2026/10/09 22:21:02.580, NVIDIA RTX 5000 Ada Generation, 2505 MHz, 8551 MHz, 0 %
2026/10/09 22:21:03.080, NVIDIA RTX 5000 Ada Generation, 2505 MHz, 8551 MHz, 0 %
2026/10/09 22:21:03.580, NVIDIA RTX 5000 Ada Generation, 2505 MHz, 8551 MHz, 0 %
2026/10/09 22:21:04.081, NVIDIA RTX 5000 Ada Generation, 2505 MHz, 8551 MHz, 0 %
2026/10/09 22:21:04.581, NVIDIA RTX 5000 Ada Generation, 2505 MHz, 8551 MHz, 0 %
2026/10/09 22:21:05.081, NVIDIA RTX 5000 Ada Generation, 2505 MHz, 8551 MHz, 0 %
2026/10/09 22:21:05.581, NVIDIA RTX 5000 Ada Generation, 2505 MHz, 8551 MHz, 0 %
2026/10/09 22:21:06.081, NVIDIA RTX 5000 Ada Generation, 2505 MHz, 8551 MHz, 0 %
2026/10/09 22:21:06.582, NVIDIA RTX 5000 Ada Generation, 2505 MHz, 8551 MHz, 0 %
2026/10/09 22:21:07.082, NVIDIA RTX 5000 Ada Generation, 2505 MHz, 8551 MHz, 0 %
2026/10/09 22:21:07.582, NVIDIA RTX 5000 Ada Generation, 2505 MHz, 8551 MHz, 0 %
2026/10/09 22:21:08.082, NVIDIA RTX 5000 Ada Generation, 2505 MHz, 8551 MHz, 0 %
2026/10/09 22:21:08.582, NVIDIA RTX 5000 Ada Generation, 2505 MHz, 8551 MHz, 11 %
2026/10/09 22:21:09.082, NVIDIA RTX 5000 Ada Generation, 2505 MHz, 8551 MHz, 0 %
2026/10/09 22:21:09.582, NVIDIA RTX 5000 Ada Generation, 2505 MHz, 8551 MHz, 0 %
2026/10/09 22:21:10.083, NVIDIA RTX 5000 Ada Generation, 2505 MHz, 8551 MHz, 0 %
2026/10/09 22:21:10.583, NVIDIA RTX 5000 Ada Generation, 2505 MHz, 8551 MHz, 0 %
2026/10/09 22:21:11.083, NVIDIA RTX 5000 Ada Generation, 2505 MHz, 8551 MHz, 0 %
2026/10/09 22:21:11.583, NVIDIA RTX 5000 Ada Generation, 2505 MHz, 8551 MHz, 0 %
2026/10/09 22:21:12.083, NVIDIA RTX 5000 Ada Generation, 2505 MHz, 8551 MHz, 0 %
2026/10/09 22:21:12.583, NVIDIA RTX 5000 Ada Generation, 2505 MHz, 8551 MHz, 0 %
2026/10/09 22:21:13.084, NVIDIA RTX 5000 Ada Generation, 2505 MHz, 8551 MHz, 0 %
2026/10/09 22:21:13.584, NVIDIA RTX 5000 Ada Generation, 2505 MHz, 8551 MHz, 0 %
2026/10/09 22:21:14.084, NVIDIA RTX 5000 Ada Generation, 2505 MHz, 8551 MHz, 0 %
2026/10/09 22:21:14.584, NVIDIA RTX 5000 Ada Generation, 2505 MHz, 8551 MHz, 0 %
2026/10/09 22:21:15.084, NVIDIA RTX 5000 Ada Generation, 2505 MHz, 8551 MHz, 0 %
2026/10/09 22:21:15.584, NVIDIA RTX 5000 Ada Generation, 2505 MHz, 8551 MHz, 0 %
2026/10/09 22:21:16.084, NVIDIA RTX 5000 Ada Generation, 2505 MHz, 8551 MHz, 0 %
2026/10/09 22:21:16.585, NVIDIA RTX 5000 Ada Generation, 2505 MHz, 8551 MHz, 0 %
2026/10/09 22:21:17.086, NVIDIA RTX 5000 Ada Generation, 2505 MHz, 8551 MHz, 0 %
2026/10/09 22:21:17.586, NVIDIA RTX 5000 Ada Generation, 2505 MHz, 8551 MHz, 0 %
2026/10/09 22:21:18.086, NVIDIA RTX 5000 Ada Generation, 2505 MHz, 8551 MHz, 0 %
2026/10/09 22:21:18.587, NVIDIA RTX 5000 Ada Generation, 2505 MHz, 8551 MHz, 0 %
2026/10/09 22:21:19.087, NVIDIA RTX 5000 Ada Generation, 2505 MHz, 8551 MHz, 0 %
2026/10/09 22:21:19.587, NVIDIA RTX 5000 Ada Generation, 2505 MHz, 8551 MHz, 0 %
2026/10/09 22:21:20.087, NVIDIA RTX 5000 Ada Generation, 2505 MHz, 8551 MHz, 0 %
2026/10/09 22:21:20.587, NVIDIA RTX 5000 Ada Generation, 2505 MHz, 8551 MHz, 0 %
2026/10/09 22:21:21.087, NVIDIA RTX 5000 Ada Generation, 2505 MHz, 8551 MHz, 0 %
2026/10/09 22:21:21.588, NVIDIA RTX 5000 Ada Generation, 2505 MHz, 8551 MHz, 0 %
2026/10/09 22:21:22.088, NVIDIA RTX 5000 Ada Generation, 2505 MHz, 8551 MHz, 0 %
2026/10/09 22:21:22.588, NVIDIA RTX 5000 Ada Generation, 2505 MHz, 8551 MHz, 0 %
2026/10/09 22:21:23.088, NVIDIA RTX 5000 Ada Generation, 2505 MHz, 8551 MHz, 0 %
2026/10/09 22:21:23.588, NVIDIA RTX 5000 Ada Generation, 2505 MHz, 8551 MHz, 7 %
2026/10/09 22:21:24.088, NVIDIA RTX 5000 Ada Generation, 2505 MHz, 8551 MHz, 0 %
2026/10/09 22:21:24.588, NVIDIA RTX 5000 Ada Generation, 2505 MHz, 8551 MHz, 0 %
2026/10/09 22:21:25.089, NVIDIA RTX 5000 Ada Generation, 2505 MHz, 8551 MHz, 0 %
2026/10/09 22:21:25.589, NVIDIA RTX 5000 Ada Generation, 2505 MHz, 8551 MHz, 0 %
2026/10/09 22:21:26.089, NVIDIA RTX 5000 Ada Generation, 2505 MHz, 8551 MHz, 0 %
2026/10/09 22:21:26.589, NVIDIA RTX 5000 Ada Generation, 2505 MHz, 8551 MHz, 0 %
2026/10/09 22:21:27.089, NVIDIA RTX 5000 Ada Generation, 2505 MHz, 8551 MHz, 0 %
2026/10/09 22:21:27.589, NVIDIA RTX 5000 Ada Generation, 2505 MHz, 8551 MHz, 0 %
2026/10/09 22:21:28.090, NVIDIA RTX 5000 Ada Generation, 2505 MHz, 8551 MHz, 0 %
2026/10/09 22:21:28.590, NVIDIA RTX 5000 Ada Generation, 2505 MHz, 8551 MHz, 0 %
2026/10/09 22:21:29.091, NVIDIA RTX 5000 Ada Generation, 2505 MHz, 8551 MHz, 0 %
2026/10/09 22:21:29.591, NVIDIA RTX 5000 Ada Generation, 2505 MHz, 8551 MHz, 0 %
2026/10/09 22:21:30.091, NVIDIA RTX 5000 Ada Generation, 2505 MHz, 8551 MHz, 0 %
2026/10/09 22:21:30.591, NVIDIA RTX 5000 Ada Generation, 2505 MHz, 8551 MHz, 0 %
2026/10/09 22:21:31.092, NVIDIA RTX 5000 Ada Generation, 2505 MHz, 8551 MHz, 0 %
2026/10/09 22:21:31.592, NVIDIA RTX 5000 Ada Generation, 2505 MHz, 8551 MHz, 0 %
2026/10/09 22:21:32.092, NVIDIA RTX 5000 Ada Generation, 2505 MHz, 8551 MHz, 0 %
2026/10/09 22:21:32.593, NVIDIA RTX 5000 Ada Generation, 2505 MHz, 8551 MHz, 0 %
2026/10/09 22:21:33.093, NVIDIA RTX 5000 Ada Generation, 2505 MHz, 8551 MHz, 0 %
2026/10/09 22:21:33.593, NVIDIA RTX 5000 Ada Generation, 2505 MHz, 8551 MHz, 0 %
2026/10/09 22:21:34.093, NVIDIA RTX 5000 Ada Generation, 2505 MHz, 8551 MHz, 0 %
2026/10/09 22:21:34.593, NVIDIA RTX 5000 Ada Generation, 2505 MHz, 8551 MHz, 0 %
2026/10/09 22:21:35.094, NVIDIA RTX 5000 Ada Generation, 2505 MHz, 8551 MHz, 0 %
2026/10/09 22:21:35.594, NVIDIA RTX 5000 Ada Generation, 2505 MHz, 8551 MHz, 0 %
2026/10/09 22:21:36.094, NVIDIA RTX 5000 Ada Generation, 2505 MHz, 8551 MHz, 0 %
2026/10/09 22:21:36.594, NVIDIA RTX 5000 Ada Generation, 2505 MHz, 8551 MHz, 0 %
2026/10/09 22:21:37.094, NVIDIA RTX 5000 Ada Generation, 2505 MHz, 8551 MHz, 1 %
2026/10/09 22:21:37.594, NVIDIA RTX 5000 Ada Generation, 2505 MHz, 8551 MHz, 0 %
2026/10/09 22:21:38.095, NVIDIA RTX 5000 Ada Generation, 2505 MHz, 8551 MHz, 0 %
2026/10/09 22:21:38.595, NVIDIA RTX 5000 Ada Generation, 2505 MHz, 8551 MHz, 0 %
2026/10/09 22:21:39.095, NVIDIA RTX 5000 Ada Generation, 2505 MHz, 8551 MHz, 0 %
2026/10/09 22:21:39.596, NVIDIA RTX 5000 Ada Generation, 2505 MHz, 8551 MHz, 0 %
2026/10/09 22:21:40.096, NVIDIA RTX 5000 Ada Generation, 2505 MHz, 8551 MHz, 0 %
2026/10/09 22:21:40.596, NVIDIA RTX 5000 Ada Generation, 2505 MHz, 8551 MHz, 0 %
2026/10/09 22:21:41.096, NVIDIA RTX 5000 Ada Generation, 2505 MHz, 8551 MHz, 0 %
2026/10/09 22:21:41.597, NVIDIA RTX 5000 Ada Generation, 2505 MHz, 8551 MHz, 0 %
2026/10/09 22:21:42.097, NVIDIA RTX 5000 Ada Generation, 2505 MHz, 8551 MHz, 0 %
2026/10/09 22:21:42.597, NVIDIA RTX 5000 Ada Generation, 2505 MHz, 8551 MHz, 0 %
2026/10/09 22:21:43.097, NVIDIA RTX 5000 Ada Generation, 2505 MHz, 8551 MHz, 0 %
2026/10/09 22:21:43.597, NVIDIA RTX 5000 Ada Generation, 2505 MHz, 8551 MHz, 0 %
2026/10/09 22:21:44.097, NVIDIA RTX 5000 Ada Generation, 2505 MHz, 8551 MHz, 0 %
2026/10/09 22:21:44.598, NVIDIA RTX 5000 Ada Generation, 2505 MHz, 8551 MHz, 0 %
2026/10/09 22:21:45.098, NVIDIA RTX 5000 Ada Generation, 2505 MHz, 8551 MHz, 0 %
2026/10/09 22:21:45.598, NVIDIA RTX 5000 Ada Generation, 2505 MHz, 8551 MHz, 4 %
2026/10/09 22:21:46.098, NVIDIA RTX 5000 Ada Generation, 2505 MHz, 8551 MHz, 4 %
2026/10/09 22:21:46.598, NVIDIA RTX 5000 Ada Generation, 2505 MHz, 8551 MHz, 0 %
2026/10/09 22:21:47.098, NVIDIA RTX 5000 Ada Generation, 2505 MHz, 8551 MHz, 0 %
2026/10/09 22:21:47.599, NVIDIA RTX 5000 Ada Generation, 2505 MHz, 8551 MHz, 0 %
2026/10/09 22:21:48.099, NVIDIA RTX 5000 Ada Generation, 2505 MHz, 8551 MHz, 0 %
2026/10/09 22:21:48.599, NVIDIA RTX 5000 Ada Generation, 2505 MHz, 8551 MHz, 1 %
2026/10/09 22:21:49.099, NVIDIA RTX 5000 Ada Generation, 2505 MHz, 8551 MHz, 0 %
2026/10/09 22:21:49.600, NVIDIA RTX 5000 Ada Generation, 2505 MHz, 8551 MHz, 0 %
2026/10/09 22:21:50.100, NVIDIA RTX 5000 Ada Generation, 2505 MHz, 8551 MHz, 0 %
2026/10/09 22:21:50.600, NVIDIA RTX 5000 Ada Generation, 2505 MHz, 8551 MHz, 0 %
2026/10/09 22:21:51.100, NVIDIA RTX 5000 Ada Generation, 2505 MHz, 8551 MHz, 0 %
2026/10/09 22:21:51.600, NVIDIA RTX 5000 Ada Generation, 2505 MHz, 8551 MHz, 0 %
2026/10/09 22:21:52.103, NVIDIA RTX 5000 Ada Generation, 2505 MHz, 8551 MHz, 0 %
2026/10/09 22:21:52.603, NVIDIA RTX 5000 Ada Generation, 2505 MHz, 8551 MHz, 0 %
2026/10/09 22:21:53.103, NVIDIA RTX 5000 Ada Generation, 2505 MHz, 8551 MHz, 0 %
2026/10/09 22:21:53.604, NVIDIA RTX 5000 Ada Generation, 2505 MHz, 8551 MHz, 0 %
2026/10/09 22:21:54.104, NVIDIA RTX 5000 Ada Generation, 2505 MHz, 8551 MHz, 0 %
2026/10/09 22:21:54.604, NVIDIA RTX 5000 Ada Generation, 2505 MHz, 8551 MHz, 0 %
2026/10/09 22:21:55.104, NVIDIA RTX 5000 Ada Generation, 2505 MHz, 8551 MHz, 0 %
2026/10/09 22:21:55.604, NVIDIA RTX 5000 Ada Generation, 2505 MHz, 8551 MHz, 0 %
2026/10/09 22:21:56.104, NVIDIA RTX 5000 Ada Generation, 2505 MHz, 8551 MHz, 0 %
2026/10/09 22:21:56.604, NVIDIA RTX 5000 Ada Generation, 2505 MHz, 8551 MHz, 0 %
2026/10/09 22:21:57.105, NVIDIA RTX 5000 Ada Generation, 2505 MHz, 8551 MHz, 0 %
2026/10/09 22:21:57.605, NVIDIA RTX 5000 Ada Generation, 2505 MHz, 8551 MHz, 0 %
2026/10/09 22:21:58.105, NVIDIA RTX 5000 Ada Generation, 2505 MHz, 8551 MHz, 0 %
2026/10/09 22:21:58.605, NVIDIA RTX 5000 Ada Generation, 2505 MHz, 8551 MHz, 0 %
2026/10/09 22:21:59.105, NVIDIA RTX 5000 Ada Generation, 2505 MHz, 8551 MHz, 0 %
2026/10/09 22:21:59.605, NVIDIA RTX 5000 Ada Generation, 2505 MHz, 8551 MHz, 0 %
2026/10/09 22:22:00.106, NVIDIA RTX 5000 Ada Generation, 2505 MHz, 8551 MHz, 0 %
2026/10/09 22:22:00.606, NVIDIA RTX 5000 Ada Generation, 2505 MHz, 8551 MHz, 0 %
2026/10/09 22:22:01.106, NVIDIA RTX 5000 Ada Generation, 2505 MHz, 8551 MHz, 0 %
2026/10/09 22:22:01.606, NVIDIA RTX 5000 Ada Generation, 2505 MHz, 8551 MHz, 0 %
2026/10/09 22:22:02.106, NVIDIA RTX 5000 Ada Generation, 2505 MHz, 8551 MHz, 0 %
2026/10/09 22:22:02.606, NVIDIA RTX 5000 Ada Generation, 2505 MHz, 8551 MHz, 0 %
2026/10/09 22:22:03.106, NVIDIA RTX 5000 Ada Generation, 2505 MHz, 8551 MHz, 0 %
2026/10/09 22:22:03.607, NVIDIA RTX 5000 Ada Generation, 2505 MHz, 8551 MHz, 0 %
2026/10/09 22:22:04.107, NVIDIA RTX 5000 Ada Generation, 2505 MHz, 8551 MHz, 0 %
2026/10/09 22:22:04.607, NVIDIA RTX 5000 Ada Generation, 2505 MHz, 8551 MHz, 0 %
2026/10/09 22:22:05.107, NVIDIA RTX 5000 Ada Generation, 2505 MHz, 8551 MHz, 0 %
2026/10/09 22:22:05.608, NVIDIA RTX 5000 Ada Generation, 2505 MHz, 8551 MHz, 0 %
2026/10/09 22:22:06.108, NVIDIA RTX 5000 Ada Generation, 2505 MHz, 8551 MHz, 0 %
2026/10/09 22:22:06.608, NVIDIA RTX 5000 Ada Generation, 2505 MHz, 8551 MHz, 0 %
2026/10/09 22:22:07.108, NVIDIA RTX 5000 Ada Generation, 2505 MHz, 8551 MHz, 0 %
2026/10/09 22:22:07.608, NVIDIA RTX 5000 Ada Generation, 2505 MHz, 8551 MHz, 0 %
2026/10/09 22:22:08.108, NVIDIA RTX 5000 Ada Generation, 2505 MHz, 8551 MHz, 0 %
2026/10/09 22:22:08.609, NVIDIA RTX 5000 Ada Generation, 2505 MHz, 8551 MHz, 0 %
2026/10/09 22:22:09.109, NVIDIA RTX 5000 Ada Generation, 2505 MHz, 8551 MHz, 0 %
2026/10/09 22:22:09.609, NVIDIA RTX 5000 Ada Generation, 2505 MHz, 8551 MHz, 0 %
2026/10/09 22:22:10.109, NVIDIA RTX 5000 Ada Generation, 2505 MHz, 8551 MHz, 0 %
2026/10/09 22:22:10.609, NVIDIA RTX 5000 Ada Generation, 2505 MHz, 8551 MHz, 0 %
2026/10/09 22:22:11.109, NVIDIA RTX 5000 Ada Generation, 2505 MHz, 8551 MHz, 0 %
2026/10/09 22:22:11.610, NVIDIA RTX 5000 Ada Generation, 2505 MHz, 8551 MHz, 0 %
2026/10/09 22:22:12.110, NVIDIA RTX 5000 Ada Generation, 2505 MHz, 8551 MHz, 0 %
2026/10/09 22:22:12.610, NVIDIA RTX 5000 Ada Generation, 2505 MHz, 8551 MHz, 0 %
2026/10/09 22:22:13.110, NVIDIA RTX 5000 Ada Generation, 2505 MHz, 8551 MHz, 0 %
2026/10/09 22:22:13.610, NVIDIA RTX 5000 Ada Generation, 2505 MHz, 8551 MHz, 0 %
2026/10/09 22:22:14.111, NVIDIA RTX 5000 Ada Generation, 2505 MHz, 8551 MHz, 0 %
2026/10/09 22:22:14.611, NVIDIA RTX 5000 Ada Generation, 2505 MHz, 8551 MHz, 0 %
2026/10/09 22:22:15.111, NVIDIA RTX 5000 Ada Generation, 2505 MHz, 8551 MHz, 0 %
2026/10/09 22:22:15.611, NVIDIA RTX 5000 Ada Generation, 2505 MHz, 8551 MHz, 0 %
2026/10/09 22:22:16.111, NVIDIA RTX 5000 Ada Generation, 2505 MHz, 8551 MHz, 0 %
2026/10/09 22:22:16.614, NVIDIA RTX 5000 Ada Generation, 2505 MHz, 8551 MHz, 0 %
2026/10/09 22:22:17.114, NVIDIA RTX 5000 Ada Generation, 2505 MHz, 8551 MHz, 0 %
2026/10/09 22:22:17.614, NVIDIA RTX 5000 Ada Generation, 2505 MHz, 8551 MHz, 0 %
2026/10/09 22:22:18.114, NVIDIA RTX 5000 Ada Generation, 2505 MHz, 8551 MHz, 0 %
2026/10/09 22:22:18.614, NVIDIA RTX 5000 Ada Generation, 2505 MHz, 8551 MHz, 62 %
2026/10/09 22:22:19.115, NVIDIA RTX 5000 Ada Generation, 2505 MHz, 8551 MHz, 0 %
2026/10/09 22:22:19.615, NVIDIA RTX 5000 Ada Generation, 2505 MHz, 8551 MHz, 0 %
2026/10/09 22:22:20.115, NVIDIA RTX 5000 Ada Generation, 2505 MHz, 8551 MHz, 0 %
2026/10/09 22:22:20.615, NVIDIA RTX 5000 Ada Generation, 2505 MHz, 8551 MHz, 0 %
2026/10/09 22:22:21.115, NVIDIA RTX 5000 Ada Generation, 2505 MHz, 8551 MHz, 0 %
2026/10/09 22:22:21.616, NVIDIA RTX 5000 Ada Generation, 2505 MHz, 8551 MHz, 0 %
2026/10/09 22:22:22.116, NVIDIA RTX 5000 Ada Generation, 2505 MHz, 8551 MHz, 0 %
2026/10/09 22:22:22.616, NVIDIA RTX 5000 Ada Generation, 2505 MHz, 8551 MHz, 0 %
2026/10/09 22:22:23.116, NVIDIA RTX 5000 Ada Generation, 2505 MHz, 8551 MHz, 0 %
2026/10/09 22:22:23.616, NVIDIA RTX 5000 Ada Generation, 2505 MHz, 8551 MHz, 98 %
2026/10/09 22:22:24.116, NVIDIA RTX 5000 Ada Generation, 2505 MHz, 8551 MHz, 0 %
2026/10/09 22:22:24.617, NVIDIA RTX 5000 Ada Generation, 2505 MHz, 8551 MHz, 0 %
2026/10/09 22:22:25.117, NVIDIA RTX 5000 Ada Generation, 2505 MHz, 8551 MHz, 0 %
2026/10/09 22:22:25.617, NVIDIA RTX 5000 Ada Generation, 2505 MHz, 8551 MHz, 0 %
2026/10/09 22:22:26.117, NVIDIA RTX 5000 Ada Generation, 2505 MHz, 8551 MHz, 0 %
2026/10/09 22:22:26.617, NVIDIA RTX 5000 Ada Generation, 2505 MHz, 8551 MHz, 0 %
2026/10/09 22:22:27.117, NVIDIA RTX 5000 Ada Generation, 2505 MHz, 8551 MHz, 0 %
2026/10/09 22:22:27.618, NVIDIA RTX 5000 Ada Generation, 2505 MHz, 8551 MHz, 0 %
2026/10/09 22:22:28.118, NVIDIA RTX 5000 Ada Generation, 2505 MHz, 8551 MHz, 0 %
2026/10/09 22:22:28.618, NVIDIA RTX 5000 Ada Generation, 2505 MHz, 8551 MHz, 0 %
2026/10/09 22:22:29.119, NVIDIA RTX 5000 Ada Generation, 2505 MHz, 8551 MHz, 100 %
2026/10/09 22:22:29.619, NVIDIA RTX 5000 Ada Generation, 2505 MHz, 8551 MHz, 100 %
2026/10/09 22:22:30.119, NVIDIA RTX 5000 Ada Generation, 2505 MHz, 8551 MHz, 100 %
2026/10/09 22:22:30.619, NVIDIA RTX 5000 Ada Generation, 2505 MHz, 8551 MHz, 17 %
2026/10/09 22:22:31.119, NVIDIA RTX 5000 Ada Generation, 2505 MHz, 8551 MHz, 0 %
2026/10/09 22:22:31.619, NVIDIA RTX 5000 Ada Generation, 2505 MHz, 8551 MHz, 0 %
2026/10/09 22:22:32.120, NVIDIA RTX 5000 Ada Generation, 2505 MHz, 8551 MHz, 4 %
2026/10/09 22:22:32.620, NVIDIA RTX 5000 Ada Generation, 2505 MHz, 8551 MHz, 0 %
2026/10/09 22:22:33.120, NVIDIA RTX 5000 Ada Generation, 2505 MHz, 8551 MHz, 0 %
2026/10/09 22:22:33.620, NVIDIA RTX 5000 Ada Generation, 2505 MHz, 8551 MHz, 0 %
2026/10/09 22:22:34.120, NVIDIA RTX 5000 Ada Generation, 2505 MHz, 8551 MHz, 0 %
2026/10/09 22:22:34.620, NVIDIA RTX 5000 Ada Generation, 2505 MHz, 8551 MHz, 0 %
2026/10/09 22:22:35.121, NVIDIA RTX 5000 Ada Generation, 2505 MHz, 8551 MHz, 0 %
2026/10/09 22:22:35.621, NVIDIA RTX 5000 Ada Generation, 2505 MHz, 8551 MHz, 0 %
2026/10/09 22:22:36.121, NVIDIA RTX 5000 Ada Generation, 2505 MHz, 8551 MHz, 0 %
2026/10/09 22:22:36.621, NVIDIA RTX 5000 Ada Generation, 2505 MHz, 8551 MHz, 100 %
2026/10/09 22:22:37.122, NVIDIA RTX 5000 Ada Generation, 2505 MHz, 8551 MHz, 100 %
2026/10/09 22:22:37.622, NVIDIA RTX 5000 Ada Generation, 2505 MHz, 8551 MHz, 100 %
2026/10/09 22:22:38.122, NVIDIA RTX 5000 Ada Generation, 2505 MHz, 8551 MHz, 99 %
2026/10/09 22:22:38.623, NVIDIA RTX 5000 Ada Generation, 2505 MHz, 8551 MHz, 100 %
2026/10/09 22:22:39.123, NVIDIA RTX 5000 Ada Generation, 2505 MHz, 8551 MHz, 100 %
2026/10/09 22:22:39.623, NVIDIA RTX 5000 Ada Generation, 2505 MHz, 8551 MHz, 100 %
2026/10/09 22:22:40.124, NVIDIA RTX 5000 Ada Generation, 2505 MHz, 8551 MHz, 51 %
2026/10/09 22:22:40.624, NVIDIA RTX 5000 Ada Generation, 2505 MHz, 8551 MHz, 0 %
2026/10/09 22:22:41.124, NVIDIA RTX 5000 Ada Generation, 2505 MHz, 8551 MHz, 0 %
2026/10/09 22:22:41.624, NVIDIA RTX 5000 Ada Generation, 2505 MHz, 8551 MHz, 0 %
2026/10/09 22:22:42.125, NVIDIA RTX 5000 Ada Generation, 2505 MHz, 8551 MHz, 0 %
2026/10/09 22:22:42.625, NVIDIA RTX 5000 Ada Generation, 2505 MHz, 8551 MHz, 0 %
2026/10/09 22:22:43.125, NVIDIA RTX 5000 Ada Generation, 2505 MHz, 8551 MHz, 0 %
2026/10/09 22:22:43.625, NVIDIA RTX 5000 Ada Generation, 2505 MHz, 8551 MHz, 0 %
2026/10/09 22:22:44.126, NVIDIA RTX 5000 Ada Generation, 2505 MHz, 8551 MHz, 0 %
2026/10/09 22:22:44.626, NVIDIA RTX 5000 Ada Generation, 2505 MHz, 8551 MHz, 0 %
2026/10/09 22:22:45.126, NVIDIA RTX 5000 Ada Generation, 2505 MHz, 8551 MHz, 0 %
2026/10/09 22:22:45.626, NVIDIA RTX 5000 Ada Generation, 2505 MHz, 8551 MHz, 0 %
2026/10/09 22:22:46.126, NVIDIA RTX 5000 Ada Generation, 2505 MHz, 8551 MHz, 0 %
2026/10/09 22:22:46.626, NVIDIA RTX 5000 Ada Generation, 2505 MHz, 8551 MHz, 0 %
2026/10/09 22:22:47.127, NVIDIA RTX 5000 Ada Generation, 2505 MHz, 8551 MHz, 2 %
2026/10/09 22:22:47.627, NVIDIA RTX 5000 Ada Generation, 2505 MHz, 8551 MHz, 0 %
2026/10/09 22:22:48.127, NVIDIA RTX 5000 Ada Generation, 2505 MHz, 8551 MHz, 0 %
2026/10/09 22:22:48.627, NVIDIA RTX 5000 Ada Generation, 2505 MHz, 8551 MHz, 0 %
2026/10/09 22:22:49.127, NVIDIA RTX 5000 Ada Generation, 2505 MHz, 8551 MHz, 0 %
2026/10/09 22:22:49.627, NVIDIA RTX 5000 Ada Generation, 2505 MHz, 8551 MHz, 0 %
2026/10/09 22:22:50.128, NVIDIA RTX 5000 Ada Generation, 2505 MHz, 8551 MHz, 0 %
2026/10/09 22:22:50.628, NVIDIA RTX 5000 Ada Generation, 2505 MHz, 8551 MHz, 0 %
2026/10/09 22:22:51.128, NVIDIA RTX 5000 Ada Generation, 2505 MHz, 8551 MHz, 0 %
2026/10/09 22:22:51.628, NVIDIA RTX 5000 Ada Generation, 2505 MHz, 8551 MHz, 0 %
2026/10/09 22:22:52.128, NVIDIA RTX 5000 Ada Generation, 2505 MHz, 8551 MHz, 0 %
2026/10/09 22:22:52.628, NVIDIA RTX 5000 Ada Generation, 2505 MHz, 8551 MHz, 0 %
2026/10/09 22:22:53.128, NVIDIA RTX 5000 Ada Generation, 2505 MHz, 8551 MHz, 0 %
2026/10/09 22:22:53.629, NVIDIA RTX 5000 Ada Generation, 2505 MHz, 8551 MHz, 0 %
2026/10/09 22:22:54.129, NVIDIA RTX 5000 Ada Generation, 2505 MHz, 8551 MHz, 0 %
2026/10/09 22:22:54.629, NVIDIA RTX 5000 Ada Generation, 2505 MHz, 8551 MHz, 0 %
2026/10/09 22:22:55.129, NVIDIA RTX 5000 Ada Generation, 2505 MHz, 8551 MHz, 0 %
2026/10/09 22:22:55.629, NVIDIA RTX 5000 Ada Generation, 2505 MHz, 8551 MHz, 0 %
2026/10/09 22:22:56.130, NVIDIA RTX 5000 Ada Generation, 2505 MHz, 8551 MHz, 0 %
2026/10/09 22:22:56.630, NVIDIA RTX 5000 Ada Generation, 2505 MHz, 8551 MHz, 0 %
2026/10/09 22:22:57.130, NVIDIA RTX 5000 Ada Generation, 2505 MHz, 8551 MHz, 1 %
2026/10/09 22:22:57.630, NVIDIA RTX 5000 Ada Generation, 2505 MHz, 8551 MHz, 0 %
2026/10/09 22:22:58.130, NVIDIA RTX 5000 Ada Generation, 2505 MHz, 8551 MHz, 0 %
2026/10/09 22:22:58.631, NVIDIA RTX 5000 Ada Generation, 2505 MHz, 8551 MHz, 0 %
2026/10/09 22:22:59.131, NVIDIA RTX 5000 Ada Generation, 2505 MHz, 8551 MHz, 0 %
2026/10/09 22:22:59.631, NVIDIA RTX 5000 Ada Generation, 2505 MHz, 8551 MHz, 0 %
2026/10/09 22:23:00.131, NVIDIA RTX 5000 Ada Generation, 2505 MHz, 8551 MHz, 2 %
2026/10/09 22:23:00.631, NVIDIA RTX 5000 Ada Generation, 2505 MHz, 8551 MHz, 0 %
2026/10/09 22:23:01.131, NVIDIA RTX 5000 Ada Generation, 2505 MHz, 8551 MHz, 0 %
2026/10/09 22:23:01.631, NVIDIA RTX 5000 Ada Generation, 2505 MHz, 8551 MHz, 0 %
2026/10/09 22:23:02.131, NVIDIA RTX 5000 Ada Generation, 2505 MHz, 8551 MHz, 0 %
2026/10/09 22:23:02.631, NVIDIA RTX 5000 Ada Generation, 2505 MHz, 8551 MHz, 0 %
2026/10/09 22:23:03.132, NVIDIA RTX 5000 Ada Generation, 2505 MHz, 8551 MHz, 0 %
2026/10/09 22:23:03.632, NVIDIA RTX 5000 Ada Generation, 2505 MHz, 8551 MHz, 0 %
2026/10/09 22:23:04.132, NVIDIA RTX 5000 Ada Generation, 2505 MHz, 8551 MHz, 4 %
2026/10/09 22:23:04.632, NVIDIA RTX 5000 Ada Generation, 2505 MHz, 8551 MHz, 0 %
2026/10/09 22:23:05.132, NVIDIA RTX 5000 Ada Generation, 2505 MHz, 8551 MHz, 0 %
2026/10/09 22:23:05.632, NVIDIA RTX 5000 Ada Generation, 2505 MHz, 8551 MHz, 0 %
2026/10/09 22:23:06.132, NVIDIA RTX 5000 Ada Generation, 2505 MHz, 8551 MHz, 0 %
2026/10/09 22:23:06.632, NVIDIA RTX 5000 Ada Generation, 2505 MHz, 8551 MHz, 0 %
2026/10/09 22:23:07.133, NVIDIA RTX 5000 Ada Generation, 2505 MHz, 8551 MHz, 0 %
2026/10/09 22:23:07.633, NVIDIA RTX 5000 Ada Generation, 2505 MHz, 8551 MHz, 0 %
2026/10/09 22:23:08.133, NVIDIA RTX 5000 Ada Generation, 2505 MHz, 8551 MHz, 0 %
2026/10/09 22:23:08.633, NVIDIA RTX 5000 Ada Generation, 2505 MHz, 8551 MHz, 0 %
2026/10/09 22:23:09.136, NVIDIA RTX 5000 Ada Generation, 2505 MHz, 8551 MHz, 0 %
2026/10/09 22:23:09.636, NVIDIA RTX 5000 Ada Generation, 2505 MHz, 8551 MHz, 0 %
2026/10/09 22:23:10.136, NVIDIA RTX 5000 Ada Generation, 2505 MHz, 8551 MHz, 0 %
2026/10/09 22:23:10.636, NVIDIA RTX 5000 Ada Generation, 2505 MHz, 8551 MHz, 0 %
2026/10/09 22:23:11.136, NVIDIA RTX 5000 Ada Generation, 2505 MHz, 8551 MHz, 0 %
2026/10/09 22:23:11.636, NVIDIA RTX 5000 Ada Generation, 2505 MHz, 8551 MHz, 0 %
2026/10/09 22:23:12.137, NVIDIA RTX 5000 Ada Generation, 2505 MHz, 8551 MHz, 0 %
2026/10/09 22:23:12.637, NVIDIA RTX 5000 Ada Generation, 2505 MHz, 8551 MHz, 8 %
2026/10/09 22:23:13.137, NVIDIA RTX 5000 Ada Generation, 2505 MHz, 8551 MHz, 0 %
2026/10/09 22:23:13.637, NVIDIA RTX 5000 Ada Generation, 2505 MHz, 8551 MHz, 0 %
2026/10/09 22:23:14.137, NVIDIA RTX 5000 Ada Generation, 2505 MHz, 8551 MHz, 5 %
2026/10/09 22:23:14.637, NVIDIA RTX 5000 Ada Generation, 2505 MHz, 8551 MHz, 0 %
2026/10/09 22:23:15.138, NVIDIA RTX 5000 Ada Generation, 2505 MHz, 8551 MHz, 0 %
2026/10/09 22:23:15.638, NVIDIA RTX 5000 Ada Generation, 2505 MHz, 8551 MHz, 0 %
2026/10/09 22:23:16.138, NVIDIA RTX 5000 Ada Generation, 2505 MHz, 8551 MHz, 0 %
2026/10/09 22:23:16.638, NVIDIA RTX 5000 Ada Generation, 2505 MHz, 8551 MHz, 0 %
2026/10/09 22:23:17.138, NVIDIA RTX 5000 Ada Generation, 2505 MHz, 8551 MHz, 0 %
2026/10/09 22:23:17.638, NVIDIA RTX 5000 Ada Generation, 2505 MHz, 8551 MHz, 1 %
2026/10/09 22:23:18.138, NVIDIA RTX 5000 Ada Generation, 2505 MHz, 8551 MHz, 0 %
2026/10/09 22:23:18.638, NVIDIA RTX 5000 Ada Generation, 2505 MHz, 8551 MHz, 0 %
2026/10/09 22:23:19.139, NVIDIA RTX 5000 Ada Generation, 2505 MHz, 8551 MHz, 0 %
2026/10/09 22:23:19.639, NVIDIA RTX 5000 Ada Generation, 2505 MHz, 8551 MHz, 0 %
2026/10/09 22:23:20.139, NVIDIA RTX 5000 Ada Generation, 2505 MHz, 8551 MHz, 2 %
2026/10/09 22:23:20.639, NVIDIA RTX 5000 Ada Generation, 2505 MHz, 8551 MHz, 0 %
2026/10/09 22:23:21.139, NVIDIA RTX 5000 Ada Generation, 2505 MHz, 8551 MHz, 0 %
2026/10/09 22:23:21.639, NVIDIA RTX 5000 Ada Generation, 2505 MHz, 8551 MHz, 0 %
2026/10/09 22:23:22.140, NVIDIA RTX 5000 Ada Generation, 2505 MHz, 8551 MHz, 0 %
2026/10/09 22:23:22.640, NVIDIA RTX 5000 Ada Generation, 2505 MHz, 8551 MHz, 0 %
2026/10/09 22:23:23.140, NVIDIA RTX 5000 Ada Generation, 2505 MHz, 8551 MHz, 0 %
2026/10/09 22:23:23.640, NVIDIA RTX 5000 Ada Generation, 2505 MHz, 8551 MHz, 0 %
2026/10/09 22:23:24.141, NVIDIA RTX 5000 Ada Generation, 2505 MHz, 8551 MHz, 0 %
2026/10/09 22:23:24.641, NVIDIA RTX 5000 Ada Generation, 2505 MHz, 8551 MHz, 0 %
2026/10/09 22:23:25.141, NVIDIA RTX 5000 Ada Generation, 2505 MHz, 8551 MHz, 0 %
2026/10/09 22:23:25.641, NVIDIA RTX 5000 Ada Generation, 2505 MHz, 8551 MHz, 0 %
2026/10/09 22:23:26.142, NVIDIA RTX 5000 Ada Generation, 2505 MHz, 8551 MHz, 0 %
2026/10/09 22:23:26.642, NVIDIA RTX 5000 Ada Generation, 2505 MHz, 8551 MHz, 0 %
2026/10/09 22:23:27.142, NVIDIA RTX 5000 Ada Generation, 2505 MHz, 8551 MHz, 0 %
2026/10/09 22:23:27.642, NVIDIA RTX 5000 Ada Generation, 2505 MHz, 8551 MHz, 0 %
2026/10/09 22:23:28.142, NVIDIA RTX 5000 Ada Generation, 2505 MHz, 8551 MHz, 0 %
2026/10/09 22:23:28.643, NVIDIA RTX 5000 Ada Generation, 2505 MHz, 8551 MHz, 0 %
2026/10/09 22:23:29.143, NVIDIA RTX 5000 Ada Generation, 2505 MHz, 8551 MHz, 0 %
2026/10/09 22:23:29.643, NVIDIA RTX 5000 Ada Generation, 2505 MHz, 8551 MHz, 0 %
2026/10/09 22:23:30.144, NVIDIA RTX 5000 Ada Generation, 2505 MHz, 8551 MHz, 0 %
2026/10/09 22:23:30.644, NVIDIA RTX 5000 Ada Generation, 2505 MHz, 8551 MHz, 0 %
2026/10/09 22:23:31.144, NVIDIA RTX 5000 Ada Generation, 2505 MHz, 8551 MHz, 0 %
2026/10/09 22:23:31.644, NVIDIA RTX 5000 Ada Generation, 2505 MHz, 8551 MHz, 0 %
2026/10/09 22:23:32.144, NVIDIA RTX 5000 Ada Generation, 2505 MHz, 8551 MHz, 0 %
2026/10/09 22:23:32.645, NVIDIA RTX 5000 Ada Generation, 2505 MHz, 8551 MHz, 0 %
2026/10/09 22:23:33.145, NVIDIA RTX 5000 Ada Generation, 2505 MHz, 8551 MHz, 0 %
2026/10/09 22:23:33.645, NVIDIA RTX 5000 Ada Generation, 2505 MHz, 8551 MHz, 0 %
2026/10/09 22:23:34.145, NVIDIA RTX 5000 Ada Generation, 2505 MHz, 8551 MHz, 0 %
2026/10/09 22:23:34.645, NVIDIA RTX 5000 Ada Generation, 2505 MHz, 8551 MHz, 0 %
2026/10/09 22:23:35.145, NVIDIA RTX 5000 Ada Generation, 2505 MHz, 8551 MHz, 0 %
2026/10/09 22:23:35.646, NVIDIA RTX 5000 Ada Generation, 2505 MHz, 8551 MHz, 0 %
2026/10/09 22:23:36.146, NVIDIA RTX 5000 Ada Generation, 2505 MHz, 8551 MHz, 1 %
2026/10/09 22:23:36.646, NVIDIA RTX 5000 Ada Generation, 2505 MHz, 8551 MHz, 0 %
2026/10/09 22:23:37.146, NVIDIA RTX 5000 Ada Generation, 2505 MHz, 8551 MHz, 0 %
2026/10/09 22:23:37.646, NVIDIA RTX 5000 Ada Generation, 2505 MHz, 8551 MHz, 0 %
2026/10/09 22:23:38.146, NVIDIA RTX 5000 Ada Generation, 2505 MHz, 8551 MHz, 0 %
2026/10/09 22:23:38.647, NVIDIA RTX 5000 Ada Generation, 2505 MHz, 8551 MHz, 0 %
2026/10/09 22:23:39.147, NVIDIA RTX 5000 Ada Generation, 2505 MHz, 8551 MHz, 0 %
2026/10/09 22:23:39.647, NVIDIA RTX 5000 Ada Generation, 2505 MHz, 8551 MHz, 0 %
2026/10/09 22:23:40.147, NVIDIA RTX 5000 Ada Generation, 2505 MHz, 8551 MHz, 0 %
2026/10/09 22:23:40.647, NVIDIA RTX 5000 Ada Generation, 2505 MHz, 8551 MHz, 0 %
2026/10/09 22:23:41.147, NVIDIA RTX 5000 Ada Generation, 2505 MHz, 8551 MHz, 4 %
2026/10/09 22:23:41.647, NVIDIA RTX 5000 Ada Generation, 2505 MHz, 8551 MHz, 0 %
2026/10/09 22:23:42.148, NVIDIA RTX 5000 Ada Generation, 2505 MHz, 8551 MHz, 0 %
2026/10/09 22:23:42.648, NVIDIA RTX 5000 Ada Generation, 2505 MHz, 8551 MHz, 0 %
2026/10/09 22:23:43.148, NVIDIA RTX 5000 Ada Generation, 2505 MHz, 8551 MHz, 0 %
2026/10/09 22:23:43.648, NVIDIA RTX 5000 Ada Generation, 2505 MHz, 8551 MHz, 11 %
2026/10/09 22:23:44.148, NVIDIA RTX 5000 Ada Generation, 2505 MHz, 8551 MHz, 0 %
2026/10/09 22:23:44.648, NVIDIA RTX 5000 Ada Generation, 2505 MHz, 8551 MHz, 0 %
2026/10/09 22:23:45.148, NVIDIA RTX 5000 Ada Generation, 2505 MHz, 8551 MHz, 0 %
2026/10/09 22:23:45.649, NVIDIA RTX 5000 Ada Generation, 2505 MHz, 8551 MHz, 0 %
2026/10/09 22:23:46.149, NVIDIA RTX 5000 Ada Generation, 2505 MHz, 8551 MHz, 0 %
2026/10/09 22:23:46.649, NVIDIA RTX 5000 Ada Generation, 2505 MHz, 8551 MHz, 0 %
2026/10/09 22:23:47.149, NVIDIA RTX 5000 Ada Generation, 2505 MHz, 8551 MHz, 0 %
2026/10/09 22:23:47.649, NVIDIA RTX 5000 Ada Generation, 2505 MHz, 8551 MHz, 0 %
2026/10/09 22:23:48.149, NVIDIA RTX 5000 Ada Generation, 2505 MHz, 8551 MHz, 0 %
2026/10/09 22:23:48.650, NVIDIA RTX 5000 Ada Generation, 2505 MHz, 8551 MHz, 0 %
2026/10/09 22:23:49.150, NVIDIA RTX 5000 Ada Generation, 2505 MHz, 8551 MHz, 0 %
2026/10/09 22:23:49.650, NVIDIA RTX 5000 Ada Generation, 2505 MHz, 8551 MHz, 0 %
2026/10/09 22:23:50.150, NVIDIA RTX 5000 Ada Generation, 2505 MHz, 8551 MHz, 0 %
2026/10/09 22:23:50.651, NVIDIA RTX 5000 Ada Generation, 2505 MHz, 8551 MHz, 0 %
2026/10/09 22:23:51.151, NVIDIA RTX 5000 Ada Generation, 2505 MHz, 8551 MHz, 0 %
2026/10/09 22:23:51.651, NVIDIA RTX 5000 Ada Generation, 2505 MHz, 8551 MHz, 0 %
2026/10/09 22:23:52.151, NVIDIA RTX 5000 Ada Generation, 2505 MHz, 8551 MHz, 0 %
2026/10/09 22:23:52.651, NVIDIA RTX 5000 Ada Generation, 2505 MHz, 8551 MHz, 0 %
2026/10/09 22:23:53.151, NVIDIA RTX 5000 Ada Generation, 2505 MHz, 8551 MHz, 0 %
2026/10/09 22:23:53.651, NVIDIA RTX 5000 Ada Generation, 2505 MHz, 8551 MHz, 0 %
2026/10/09 22:23:54.151, NVIDIA RTX 5000 Ada Generation, 2505 MHz, 8551 MHz, 0 %
2026/10/09 22:23:54.652, NVIDIA RTX 5000 Ada Generation, 2505 MHz, 8551 MHz, 0 %
2026/10/09 22:23:55.152, NVIDIA RTX 5000 Ada Generation, 2505 MHz, 8551 MHz, 0 %
2026/10/09 22:23:55.652, NVIDIA RTX 5000 Ada Generation, 2505 MHz, 8551 MHz, 7 %
2026/10/09 22:23:56.152, NVIDIA RTX 5000 Ada Generation, 2505 MHz, 8551 MHz, 0 %
2026/10/09 22:23:56.652, NVIDIA RTX 5000 Ada Generation, 2505 MHz, 8551 MHz, 0 %
2026/10/09 22:23:57.152, NVIDIA RTX 5000 Ada Generation, 2505 MHz, 8551 MHz, 0 %
2026/10/09 22:23:57.652, NVIDIA RTX 5000 Ada Generation, 2505 MHz, 8551 MHz, 0 %
2026/10/09 22:23:58.153, NVIDIA RTX 5000 Ada Generation, 2505 MHz, 8551 MHz, 0 %
2026/10/09 22:23:58.653, NVIDIA RTX 5000 Ada Generation, 2505 MHz, 8551 MHz, 12 %
2026/10/09 22:23:59.153, NVIDIA RTX 5000 Ada Generation, 2505 MHz, 8551 MHz, 0 %
2026/10/09 22:23:59.653, NVIDIA RTX 5000 Ada Generation, 2505 MHz, 8551 MHz, 0 %
2026/10/09 22:24:00.153, NVIDIA RTX 5000 Ada Generation, 2505 MHz, 8551 MHz, 0 %
2026/10/09 22:24:00.653, NVIDIA RTX 5000 Ada Generation, 2505 MHz, 8551 MHz, 0 %
2026/10/09 22:24:01.156, NVIDIA RTX 5000 Ada Generation, 2505 MHz, 8551 MHz, 0 %
2026/10/09 22:24:01.656, NVIDIA RTX 5000 Ada Generation, 2505 MHz, 8551 MHz, 0 %
2026/10/09 22:24:02.156, NVIDIA RTX 5000 Ada Generation, 2505 MHz, 8551 MHz, 0 %
2026/10/09 22:24:02.657, NVIDIA RTX 5000 Ada Generation, 2505 MHz, 8551 MHz, 0 %
2026/10/09 22:24:03.157, NVIDIA RTX 5000 Ada Generation, 2505 MHz, 8551 MHz, 0 %
2026/10/09 22:24:03.657, NVIDIA RTX 5000 Ada Generation, 2505 MHz, 8551 MHz, 0 %
2026/10/09 22:24:04.157, NVIDIA RTX 5000 Ada Generation, 2505 MHz, 8551 MHz, 0 %
2026/10/09 22:24:04.657, NVIDIA RTX 5000 Ada Generation, 2505 MHz, 8551 MHz, 0 %
2026/10/09 22:24:05.157, NVIDIA RTX 5000 Ada Generation, 2505 MHz, 8551 MHz, 0 %
2026/10/09 22:24:05.658, NVIDIA RTX 5000 Ada Generation, 2505 MHz, 8551 MHz, 8 %
2026/10/09 22:24:06.158, NVIDIA RTX 5000 Ada Generation, 2505 MHz, 8551 MHz, 0 %
2026/10/09 22:24:06.658, NVIDIA RTX 5000 Ada Generation, 2505 MHz, 8551 MHz, 0 %
2026/10/09 22:24:07.158, NVIDIA RTX 5000 Ada Generation, 2505 MHz, 8551 MHz, 0 %
2026/10/09 22:24:07.658, NVIDIA RTX 5000 Ada Generation, 2505 MHz, 8551 MHz, 0 %
2026/10/09 22:24:08.158, NVIDIA RTX 5000 Ada Generation, 2505 MHz, 8551 MHz, 0 %
2026/10/09 22:24:08.658, NVIDIA RTX 5000 Ada Generation, 2505 MHz, 8551 MHz, 0 %
2026/10/09 22:24:09.159, NVIDIA RTX 5000 Ada Generation, 2505 MHz, 8551 MHz, 0 %
2026/10/09 22:24:09.659, NVIDIA RTX 5000 Ada Generation, 2505 MHz, 8551 MHz, 0 %
2026/10/09 22:24:10.159, NVIDIA RTX 5000 Ada Generation, 2505 MHz, 8551 MHz, 0 %
2026/10/09 22:24:10.659, NVIDIA RTX 5000 Ada Generation, 2505 MHz, 8551 MHz, 0 %
2026/10/09 22:24:11.159, NVIDIA RTX 5000 Ada Generation, 2505 MHz, 8551 MHz, 0 %
2026/10/09 22:24:11.659, NVIDIA RTX 5000 Ada Generation, 2505 MHz, 8551 MHz, 0 %
2026/10/09 22:24:12.160, NVIDIA RTX 5000 Ada Generation, 2505 MHz, 8551 MHz, 0 %
2026/10/09 22:24:12.660, NVIDIA RTX 5000 Ada Generation, 2505 MHz, 8551 MHz, 0 %
2026/10/09 22:24:13.160, NVIDIA RTX 5000 Ada Generation, 2505 MHz, 8551 MHz, 0 %
2026/10/09 22:24:13.660, NVIDIA RTX 5000 Ada Generation, 2505 MHz, 8551 MHz, 0 %
2026/10/09 22:24:14.160, NVIDIA RTX 5000 Ada Generation, 2505 MHz, 8551 MHz, 0 %
2026/10/09 22:24:14.660, NVIDIA RTX 5000 Ada Generation, 2505 MHz, 8551 MHz, 0 %
2026/10/09 22:24:15.161, NVIDIA RTX 5000 Ada Generation, 2505 MHz, 8551 MHz, 0 %
2026/10/09 22:24:15.661, NVIDIA RTX 5000 Ada Generation, 2505 MHz, 8551 MHz, 0 %
2026/10/09 22:24:16.161, NVIDIA RTX 5000 Ada Generation, 2505 MHz, 8551 MHz, 0 %
2026/10/09 22:24:16.661, NVIDIA RTX 5000 Ada Generation, 2505 MHz, 8551 MHz, 0 %
2026/10/09 22:24:17.161, NVIDIA RTX 5000 Ada Generation, 2505 MHz, 8551 MHz, 0 %
2026/10/09 22:24:17.661, NVIDIA RTX 5000 Ada Generation, 2505 MHz, 8551 MHz, 0 %
2026/10/09 22:24:18.161, NVIDIA RTX 5000 Ada Generation, 2505 MHz, 8551 MHz, 0 %
2026/10/09 22:24:18.661, NVIDIA RTX 5000 Ada Generation, 2505 MHz, 8551 MHz, 0 %
2026/10/09 22:24:19.162, NVIDIA RTX 5000 Ada Generation, 2505 MHz, 8551 MHz, 0 %
2026/10/09 22:24:19.662, NVIDIA RTX 5000 Ada Generation, 2505 MHz, 8551 MHz, 0 %
2026/10/09 22:24:20.162, NVIDIA RTX 5000 Ada Generation, 2505 MHz, 8551 MHz, 0 %
2026/10/09 22:24:20.662, NVIDIA RTX 5000 Ada Generation, 2505 MHz, 8551 MHz, 0 %
2026/10/09 22:24:21.162, NVIDIA RTX 5000 Ada Generation, 2505 MHz, 8551 MHz, 0 %
2026/10/09 22:24:21.662, NVIDIA RTX 5000 Ada Generation, 2505 MHz, 8551 MHz, 0 %
2026/10/09 22:24:22.162, NVIDIA RTX 5000 Ada Generation, 2505 MHz, 8551 MHz, 0 %
2026/10/09 22:24:22.663, NVIDIA RTX 5000 Ada Generation, 2505 MHz, 8551 MHz, 0 %
2026/10/09 22:24:23.163, NVIDIA RTX 5000 Ada Generation, 2505 MHz, 8551 MHz, 0 %
2026/10/09 22:24:23.663, NVIDIA RTX 5000 Ada Generation, 2505 MHz, 8551 MHz, 0 %
2026/10/09 22:24:24.163, NVIDIA RTX 5000 Ada Generation, 2505 MHz, 8551 MHz, 0 %
2026/10/09 22:24:24.663, NVIDIA RTX 5000 Ada Generation, 2505 MHz, 8551 MHz, 0 %
2026/10/09 22:24:25.163, NVIDIA RTX 5000 Ada Generation, 2505 MHz, 8551 MHz, 64 %
2026/10/09 22:24:25.663, NVIDIA RTX 5000 Ada Generation, 2505 MHz, 8551 MHz, 0 %
2026/10/09 22:24:26.164, NVIDIA RTX 5000 Ada Generation, 2505 MHz, 8551 MHz, 0 %
2026/10/09 22:24:26.664, NVIDIA RTX 5000 Ada Generation, 2505 MHz, 8551 MHz, 0 %
2026/10/09 22:24:27.164, NVIDIA RTX 5000 Ada Generation, 2505 MHz, 8551 MHz, 0 %
2026/10/09 22:24:27.664, NVIDIA RTX 5000 Ada Generation, 2505 MHz, 8551 MHz, 0 %
2026/10/09 22:24:28.164, NVIDIA RTX 5000 Ada Generation, 2505 MHz, 8551 MHz, 0 %
2026/10/09 22:24:28.664, NVIDIA RTX 5000 Ada Generation, 2505 MHz, 8551 MHz, 0 %
2026/10/09 22:24:29.165, NVIDIA RTX 5000 Ada Generation, 2505 MHz, 8551 MHz, 0 %
2026/10/09 22:24:29.665, NVIDIA RTX 5000 Ada Generation, 2505 MHz, 8551 MHz, 0 %
2026/10/09 22:24:30.165, NVIDIA RTX 5000 Ada Generation, 2505 MHz, 8551 MHz, 0 %
2026/10/09 22:24:30.665, NVIDIA RTX 5000 Ada Generation, 2505 MHz, 8551 MHz, 2 %
2026/10/09 22:24:31.165, NVIDIA RTX 5000 Ada Generation, 2505 MHz, 8551 MHz, 0 %
2026/10/09 22:24:31.665, NVIDIA RTX 5000 Ada Generation, 2505 MHz, 8551 MHz, 0 %
2026/10/09 22:24:32.166, NVIDIA RTX 5000 Ada Generation, 2505 MHz, 8551 MHz, 0 %
2026/10/09 22:24:32.666, NVIDIA RTX 5000 Ada Generation, 2505 MHz, 8551 MHz, 0 %
2026/10/09 22:24:33.166, NVIDIA RTX 5000 Ada Generation, 2505 MHz, 8551 MHz, 0 %
2026/10/09 22:24:33.666, NVIDIA RTX 5000 Ada Generation, 2505 MHz, 8551 MHz, 0 %
2026/10/09 22:24:34.166, NVIDIA RTX 5000 Ada Generation, 2505 MHz, 8551 MHz, 0 %
2026/10/09 22:24:34.666, NVIDIA RTX 5000 Ada Generation, 2505 MHz, 8551 MHz, 0 %
2026/10/09 22:24:35.167, NVIDIA RTX 5000 Ada Generation, 2505 MHz, 8551 MHz, 0 %
2026/10/09 22:24:35.667, NVIDIA RTX 5000 Ada Generation, 2505 MHz, 8551 MHz, 0 %
2026/10/09 22:24:36.167, NVIDIA RTX 5000 Ada Generation, 2505 MHz, 8551 MHz, 0 %
2026/10/09 22:24:36.667, NVIDIA RTX 5000 Ada Generation, 2505 MHz, 8551 MHz, 0 %
2026/10/09 22:24:37.167, NVIDIA RTX 5000 Ada Generation, 2505 MHz, 8551 MHz, 0 %
2026/10/09 22:24:37.667, NVIDIA RTX 5000 Ada Generation, 2505 MHz, 8551 MHz, 0 %
2026/10/09 22:24:38.167, NVIDIA RTX 5000 Ada Generation, 2505 MHz, 8551 MHz, 0 %
2026/10/09 22:24:38.668, NVIDIA RTX 5000 Ada Generation, 2505 MHz, 8551 MHz, 0 %
2026/10/09 22:24:39.168, NVIDIA RTX 5000 Ada Generation, 2505 MHz, 8551 MHz, 0 %
2026/10/09 22:24:39.668, NVIDIA RTX 5000 Ada Generation, 2505 MHz, 8551 MHz, 0 %
2026/10/09 22:24:40.168, NVIDIA RTX 5000 Ada Generation, 2505 MHz, 8551 MHz, 15 %
2026/10/09 22:24:40.668, NVIDIA RTX 5000 Ada Generation, 2505 MHz, 8551 MHz, 0 %
2026/10/09 22:24:41.168, NVIDIA RTX 5000 Ada Generation, 2505 MHz, 8551 MHz, 0 %
2026/10/09 22:24:41.669, NVIDIA RTX 5000 Ada Generation, 2505 MHz, 8551 MHz, 0 %
2026/10/09 22:24:42.169, NVIDIA RTX 5000 Ada Generation, 2505 MHz, 8551 MHz, 3 %
2026/10/09 22:24:42.669, NVIDIA RTX 5000 Ada Generation, 2505 MHz, 8551 MHz, 0 %
2026/10/09 22:24:43.169, NVIDIA RTX 5000 Ada Generation, 2505 MHz, 8551 MHz, 0 %
2026/10/09 22:24:43.669, NVIDIA RTX 5000 Ada Generation, 2505 MHz, 8551 MHz, 0 %
2026/10/09 22:24:44.169, NVIDIA RTX 5000 Ada Generation, 2505 MHz, 8551 MHz, 0 %
2026/10/09 22:24:44.670, NVIDIA RTX 5000 Ada Generation, 2505 MHz, 8551 MHz, 0 %
2026/10/09 22:24:45.170, NVIDIA RTX 5000 Ada Generation, 2505 MHz, 8551 MHz, 0 %
2026/10/09 22:24:45.670, NVIDIA RTX 5000 Ada Generation, 2505 MHz, 8551 MHz, 0 %
2026/10/09 22:24:46.171, NVIDIA RTX 5000 Ada Generation, 2505 MHz, 8551 MHz, 0 %
2026/10/09 22:24:46.671, NVIDIA RTX 5000 Ada Generation, 2505 MHz, 8551 MHz, 0 %
2026/10/09 22:24:47.171, NVIDIA RTX 5000 Ada Generation, 2505 MHz, 8551 MHz, 0 %
2026/10/09 22:24:47.671, NVIDIA RTX 5000 Ada Generation, 2505 MHz, 8551 MHz, 0 %
2026/10/09 22:24:48.171, NVIDIA RTX 5000 Ada Generation, 2505 MHz, 8551 MHz, 0 %
2026/10/09 22:24:48.672, NVIDIA RTX 5000 Ada Generation, 2505 MHz, 8551 MHz, 0 %
2026/10/09 22:24:49.172, NVIDIA RTX 5000 Ada Generation, 2505 MHz, 8551 MHz, 0 %
2026/10/09 22:24:49.672, NVIDIA RTX 5000 Ada Generation, 2505 MHz, 8551 MHz, 0 %
2026/10/09 22:24:50.172, NVIDIA RTX 5000 Ada Generation, 2505 MHz, 8551 MHz, 0 %
2026/10/09 22:24:50.672, NVIDIA RTX 5000 Ada Generation, 2505 MHz, 8551 MHz, 0 %
2026/10/09 22:24:51.172, NVIDIA RTX 5000 Ada Generation, 2505 MHz, 8551 MHz, 0 %
2026/10/09 22:24:51.672, NVIDIA RTX 5000 Ada Generation, 2505 MHz, 8551 MHz, 0 %
2026/10/09 22:24:52.173, NVIDIA RTX 5000 Ada Generation, 2505 MHz, 8551 MHz, 0 %
2026/10/09 22:24:52.673, NVIDIA RTX 5000 Ada Generation, 2505 MHz, 8551 MHz, 0 %
2026/10/09 22:24:53.173, NVIDIA RTX 5000 Ada Generation, 2505 MHz, 8551 MHz, 0 %
2026/10/09 22:24:53.673, NVIDIA RTX 5000 Ada Generation, 2505 MHz, 8551 MHz, 0 %
2026/10/09 22:24:54.173, NVIDIA RTX 5000 Ada Generation, 2505 MHz, 8551 MHz, 0 %
2026/10/09 22:24:54.673, NVIDIA RTX 5000 Ada Generation, 2505 MHz, 8551 MHz, 0 %
2026/10/09 22:24:55.173, NVIDIA RTX 5000 Ada Generation, 2505 MHz, 8551 MHz, 0 %
2026/10/09 22:24:55.673, NVIDIA RTX 5000 Ada Generation, 2505 MHz, 8551 MHz, 0 %
