backend,sweep,strategy,N,C,P,levels,candidates,grown,reps,median_ms,min_ms,max_ms,compile_s,pool,conn_capacity,overflow,warmup
gpu,np,per_unit,4096,65536,1,4,4096,48,7,0.214939,0.214312,0.219680,2.119,4096,98368,0,20
gpu,np,per_unit,4096,65536,2,4,8192,48,7,0.237396,0.235110,0.238488,2.187,8192,98368,0,20
gpu,np,per_unit,4096,65536,4,4,16384,48,7,0.246286,0.245255,0.252286,2.218,16384,98368,0,20
gpu,np,per_unit,4096,65536,8,4,32768,48,7,0.265382,0.260333,0.273004,2.204,32768,98368,0,20
gpu,np,per_unit,4096,65536,16,4,65536,48,7,0.291041,0.288933,0.298373,2.299,65536,98368,0,20
gpu,np,per_unit,4096,65536,32,4,131072,48,7,0.333120,0.330711,0.347250,2.030,131072,98368,0,20
gpu,np,per_unit,8192,65536,1,4,8192,48,7,0.231833,0.228319,0.233352,2.011,8192,98368,0,20
gpu,np,per_unit,8192,65536,2,4,16384,48,7,0.258514,0.251681,0.312616,2.251,16384,98368,0,20
gpu,np,per_unit,8192,65536,4,4,32768,48,7,0.266003,0.261787,0.320899,2.129,32768,98368,0,20
gpu,np,per_unit,8192,65536,8,4,65536,48,7,0.290181,0.287535,0.298372,2.360,65536,98368,0,20
gpu,np,per_unit,8192,65536,16,4,131072,48,7,0.330717,0.328503,0.383940,1.913,131072,98368,0,20
gpu,np,per_unit,8192,65536,32,4,262144,48,7,0.353542,0.352141,0.354921,1.992,262144,98368,0,20
gpu,np,per_unit,16384,65536,1,4,16384,48,7,0.245546,0.241952,0.247375,2.060,16384,98368,0,20
gpu,np,per_unit,16384,65536,2,4,32768,48,7,0.267547,0.266647,0.276624,2.162,32768,98368,0,20
gpu,np,per_unit,16384,65536,4,4,65536,48,7,0.296829,0.291432,0.300018,2.398,65536,98368,0,20
gpu,np,per_unit,16384,65536,8,4,131072,48,7,0.335154,0.331537,0.337094,1.995,131072,98368,0,20
gpu,np,per_unit,16384,65536,16,4,262144,48,7,0.361697,0.358474,0.366694,1.969,262144,98368,0,20
gpu,np,per_unit,16384,65536,32,4,524288,48,7,0.415591,0.413747,0.420194,2.048,524288,98368,0,20
gpu,np,per_unit,32768,65536,1,4,32768,48,7,0.269271,0.267691,0.275285,2.030,32768,98368,0,20
gpu,np,per_unit,32768,65536,2,4,65536,48,7,0.301012,0.297193,0.304004,2.374,65536,98368,0,20
gpu,np,per_unit,32768,65536,4,4,131072,48,7,0.340716,0.338219,0.344573,2.179,131072,98368,0,20
gpu,np,per_unit,32768,65536,8,4,262144,48,7,0.361180,0.359648,0.364977,1.988,262144,98368,0,20
gpu,np,per_unit,32768,65536,16,4,524288,48,7,0.423183,0.414725,0.424719,2.165,524288,98368,0,20
gpu,np,per_unit,32768,65536,32,4,1048576,48,7,0.528756,0.524567,0.532350,1.998,1048576,98368,0,20
gpu,np,per_unit,65536,65536,1,4,65536,48,7,0.310501,0.303400,0.315891,2.082,65536,114752,0,20
gpu,np,per_unit,65536,65536,2,4,131072,48,7,0.335993,0.333656,0.337441,1.906,131072,114752,0,20
gpu,np,per_unit,65536,65536,4,4,262144,48,7,0.359413,0.356141,0.361089,1.946,262144,114752,0,20
gpu,np,per_unit,65536,65536,8,4,524288,48,7,0.423076,0.419614,0.428945,2.038,524288,114752,0,20
gpu,np,per_unit,65536,65536,16,4,1048576,48,7,0.539212,0.536492,0.546075,1.971,1048576,114752,0,20
gpu,np,per_unit,65536,65536,32,4,2097152,48,7,0.834199,0.830115,0.845040,2.015,2097152,114752,0,20
gpu,np,per_unit,131072,65536,1,4,131072,48,7,0.348462,0.343080,0.351391,1.945,131072,90176,0,20
gpu,np,per_unit,131072,65536,2,4,262144,48,7,0.372984,0.369817,0.379196,2.092,262144,90176,0,20
gpu,np,per_unit,131072,65536,4,4,524288,48,7,0.424131,0.422422,0.429725,2.010,524288,90176,0,20
gpu,np,per_unit,131072,65536,8,4,1048576,48,7,0.546081,0.542861,0.551923,2.000,1048576,90176,0,20
gpu,np,per_unit,131072,65536,16,4,2097152,48,7,0.880768,0.876396,0.916447,2.003,2097152,90176,0,20
gpu,np,per_unit,131072,65536,32,4,4194304,48,7,2.487813,2.451086,2.516939,2.250,4194304,90176,0,20
gpu,np,per_unit,262144,65536,1,4,262144,48,7,0.378506,0.377347,0.381358,1.914,262144,86080,0,20
gpu,np,per_unit,262144,65536,2,4,524288,48,7,0.429812,0.425031,0.433438,1.916,524288,86080,0,20
gpu,np,per_unit,262144,65536,4,4,1048576,48,7,0.550619,0.547879,0.554684,1.952,1048576,86080,0,20
gpu,np,per_unit,262144,65536,8,4,2097152,48,7,0.848590,0.847690,0.862466,1.931,2097152,86080,0,20
gpu,np,per_unit,262144,65536,16,4,4194304,48,7,2.478669,2.469180,2.524493,2.022,4194304,86080,0,20
gpu,np,per_unit,262144,65536,32,4,8388608,48,7,5.841291,5.805821,5.898542,2.179,8388608,86080,0,20
gpu,np,per_unit,524288,65536,1,4,524288,48,7,0.439094,0.434580,0.440835,2.069,524288,74816,0,20
gpu,np,per_unit,524288,65536,2,4,1048576,48,7,0.553359,0.547543,0.555007,2.105,1048576,74816,0,20
gpu,np,per_unit,524288,65536,4,4,2097152,48,7,0.858615,0.857643,0.908543,2.145,2097152,74816,0,20
gpu,np,per_unit,524288,65536,8,4,4194304,48,7,2.390253,2.351076,2.427300,2.216,4194304,74816,0,20
gpu,np,per_unit,524288,65536,16,4,8388608,48,7,6.374364,6.217802,6.448870,2.228,8388608,74816,0,20
gpu,np,per_unit,524288,65536,32,4,16777216,48,7,12.018335,11.809657,12.114800,2.172,16777216,74816,0,20
gpu,np,per_unit,1048576,65536,1,4,1048576,32,7,0.554813,0.551634,0.566538,1.940,1048576,69952,1,20
gpu,np,per_unit,1048576,65536,2,4,2097152,32,7,0.857407,0.852631,0.859855,2.100,2097152,69952,1,20
gpu,np,per_unit,1048576,65536,4,4,4194304,32,7,2.697912,2.540881,3.331945,2.187,4194304,69952,1,20
gpu,np,per_unit,1048576,65536,8,4,8388608,32,7,6.128483,6.064614,6.183220,2.116,8388608,69952,1,20
gpu,np,per_unit,1048576,65536,16,4,16777216,32,7,11.716556,11.606051,11.886910,2.178,16777216,69952,1,20
gpu,np,per_unit,1048576,65536,32,4,33554432,32,7,23.649622,23.327754,23.858670,2.176,33554432,69952,1,20
gpu,n,per_unit,256,65536,4,4,1024,48,7,0.203866,0.200724,0.206357,1.804,1024,98368,0,20
gpu,n,per_unit,512,65536,4,4,2048,48,7,0.217494,0.216431,0.219797,1.978,2048,98368,0,20
gpu,n,per_unit,1024,65536,4,4,4096,48,7,0.232031,0.230948,0.239133,1.981,4096,98368,0,20
gpu,n,per_unit,2048,65536,4,4,8192,48,7,0.246264,0.243282,0.250902,2.199,8192,98368,0,20
gpu,n,per_unit,4096,65536,4,4,16384,48,7,0.253814,0.251108,0.255042,2.145,16384,98368,0,20
gpu,n,per_unit,8192,65536,4,4,32768,48,7,0.271066,0.268941,0.272992,2.230,32768,98368,0,20
gpu,n,per_unit,16384,65536,4,4,65536,48,7,0.300164,0.297562,0.305115,2.317,65536,98368,0,20
gpu,n,per_unit,32768,65536,4,4,131072,48,7,0.335747,0.334311,0.337675,1.996,131072,98368,0,20
gpu,n,per_unit,65536,65536,4,4,262144,48,7,0.358237,0.357172,0.360869,1.934,262144,114752,0,20
gpu,n,per_unit,131072,65536,4,4,524288,48,7,0.429093,0.422302,0.441864,1.994,524288,90176,0,20
gpu,n,per_unit,262144,65536,4,4,1048576,48,7,0.546326,0.544328,0.557266,2.023,1048576,86080,0,20
gpu,n,per_unit,524288,65536,4,4,2097152,48,7,0.858657,0.855356,0.926386,2.122,2097152,74816,0,20
gpu,n,per_unit,1048576,65536,4,4,4194304,32,7,2.529959,2.504945,2.543723,2.152,4194304,69952,1,20
gpu,n,per_connection,256,65536,4,4,262144,48,7,0.633186,0.629141,0.639243,3.014,393472,98368,0,20
gpu,n,per_connection,512,65536,4,4,262144,48,7,0.645692,0.641275,0.650427,3.131,393472,98368,0,20
gpu,n,per_connection,1024,65536,4,4,262144,48,7,0.650828,0.645915,0.655310,3.038,393472,98368,0,20
gpu,n,per_connection,2048,65536,4,4,262144,48,7,0.649730,0.644032,0.654593,3.090,393472,98368,0,20
gpu,n,per_connection,4096,65536,4,4,262144,48,7,0.653131,0.647181,0.669785,2.991,393472,98368,0,20
gpu,n,per_connection,8192,65536,4,4,262144,48,7,0.648827,0.646323,0.651732,3.122,393472,98368,0,20
gpu,n,per_connection,16384,65536,4,4,262144,48,7,0.651600,0.648318,0.662511,3.150,393472,98368,0,20
gpu,n,per_connection,32768,65536,4,4,262144,48,7,0.661587,0.651672,0.733771,2.958,393472,98368,0,20
gpu,n,per_connection,65536,65536,4,4,262144,48,7,0.677707,0.674833,0.685305,3.084,459008,114752,0,20
gpu,n,per_connection,131072,65536,4,4,262144,48,7,0.654310,0.651675,0.660679,3.312,360704,90176,0,20
gpu,n,per_connection,262144,65536,4,4,262144,48,7,0.621354,0.617348,0.627920,2.911,344320,86080,0,20
gpu,n,per_connection,524288,65536,4,4,262144,48,7,0.611809,0.607378,0.620684,3.125,299264,74816,0,20
gpu,n,per_connection,1048576,65536,4,4,262144,32,7,0.670692,0.663418,0.684261,3.145,279808,69952,1,20
gpu,n,global,256,65536,4,4,4,4,7,0.205958,0.202638,0.214576,2.471,4,98368,0,20
gpu,n,global,512,65536,4,4,4,4,7,0.190432,0.188127,0.195435,2.315,4,98368,0,20
gpu,n,global,1024,65536,4,4,4,4,7,0.200498,0.197083,0.200911,2.369,4,98368,0,20
gpu,n,global,2048,65536,4,4,4,4,7,0.199785,0.196466,0.202862,2.407,4,98368,0,20
gpu,n,global,4096,65536,4,4,4,4,7,0.206183,0.203666,0.208363,2.368,4,98368,0,20
gpu,n,global,8192,65536,4,4,4,4,7,0.208306,0.206065,0.214375,2.326,4,98368,0,20
gpu,n,global,16384,65536,4,4,4,4,7,0.204638,0.201484,0.209058,2.360,4,98368,0,20
gpu,n,global,32768,65536,4,4,4,4,7,0.200862,0.199367,0.205106,2.328,4,98368,0,20
gpu,n,global,65536,65536,4,4,4,4,7,0.204969,0.202160,0.214027,2.174,4,114752,0,20
gpu,n,global,131072,65536,4,4,4,4,7,0.203763,0.200792,0.207298,2.326,4,90176,0,20
gpu,n,global,262144,65536,4,4,4,4,7,0.213676,0.207490,0.219090,2.233,4,86080,0,20
gpu,n,global,524288,65536,4,4,4,4,7,0.197446,0.194910,0.204520,2.274,4,74816,0,20
gpu,n,global,1048576,65536,4,4,4,4,7,0.193404,0.192132,0.200915,2.135,4,69952,0,20
gpu,n,exhaustive,256,65536,0,4,65536,48,7,0.305038,0.301597,0.309932,1.277,65536,98368,1,20
gpu,n,exhaustive,512,65536,0,4,262144,48,7,0.376347,0.373661,0.382270,0.892,262144,98368,1,20
gpu,n,exhaustive,1024,65536,0,4,1048576,48,7,0.579869,0.575678,0.595929,0.914,1048576,98368,1,20
gpu,n,exhaustive,2048,65536,0,4,4194304,48,7,3.315178,3.259555,3.370501,0.937,4194304,98368,1,20
gpu,n,exhaustive,4096,65536,0,4,16777216,48,7,15.982560,15.847945,16.099433,0.901,16777216,98368,1,20
gpu,n,shortlist,256,65536,64,4,4096,48,7,0.220513,0.217618,0.222380,1.173,4096,98368,1,20
gpu,n,shortlist,512,65536,64,4,4096,48,7,0.220309,0.217897,0.226456,1.194,4096,98368,1,20
gpu,n,shortlist,1024,65536,64,4,4096,48,7,0.224680,0.223410,0.230485,1.173,4096,98368,1,20
gpu,n,shortlist,2048,65536,64,4,4096,48,7,0.228822,0.226284,0.232992,1.233,4096,98368,1,20
gpu,n,shortlist,4096,65536,64,4,4096,48,7,0.251012,0.248142,0.254574,1.168,4096,98368,1,20
gpu,n,shortlist,8192,65536,64,4,4096,48,7,0.271945,0.269604,0.276659,1.183,4096,98368,1,20
gpu,n,shortlist,16384,65536,64,4,4096,48,7,0.276132,0.273030,0.277999,1.209,4096,98368,1,20
gpu,n,shortlist,32768,65536,64,4,4096,48,7,0.294713,0.286743,0.299484,1.257,4096,98368,1,20
gpu,n,shortlist,65536,65536,64,4,4096,48,7,0.283573,0.280682,0.285977,1.214,4096,114752,1,20
gpu,n,shortlist,131072,65536,64,4,4096,48,7,0.287587,0.285816,0.293696,1.253,4096,90176,1,20
gpu,n,shortlist,262144,65536,64,4,4096,48,7,0.295602,0.294207,0.300510,1.233,4096,86080,0,20
gpu,n,shortlist,524288,65536,64,4,4096,32,7,0.295958,0.292366,0.297864,1.302,4096,74816,0,20
gpu,n,shortlist,1048576,65536,64,4,4096,32,7,0.314700,0.310272,0.316093,1.280,4096,69952,0,20
gpu,n,shortlist_level,256,65536,64,4,16384,48,7,0.394293,0.386907,0.401726,1.358,4096,98368,1,20
gpu,n,shortlist_level,512,65536,64,4,16384,48,7,0.408125,0.404522,0.413215,1.373,4096,98368,1,20
gpu,n,shortlist_level,1024,65536,64,4,16384,48,7,0.424206,0.422303,0.429242,1.436,4096,98368,1,20
gpu,n,shortlist_level,2048,65536,64,4,16384,48,7,0.481258,0.476952,0.484136,1.431,4096,98368,1,20
gpu,n,shortlist_level,4096,65536,64,4,16384,48,7,0.628356,0.624868,0.634770,1.455,4096,98368,1,20
gpu,n,shortlist_level,8192,65536,64,4,16384,48,7,0.690714,0.688883,0.696786,1.595,4096,98368,1,20
gpu,n,shortlist_level,16384,65536,64,4,16384,48,7,0.782693,0.760957,0.816844,1.643,4096,98368,1,20
gpu,n,shortlist_level,32768,65536,64,4,16384,48,7,1.140404,0.999921,1.251653,1.677,4096,98368,1,20
gpu,n,shortlist_level,65536,65536,64,4,16384,48,7,0.737652,0.732784,0.753425,1.320,4096,114752,1,20
gpu,n,shortlist_level,131072,65536,64,4,16384,48,7,0.746601,0.741607,0.754860,1.347,4096,90176,1,20
gpu,n,shortlist_level,262144,65536,64,4,16384,48,7,0.795577,0.768871,0.829678,1.341,4096,86080,1,20
gpu,n,shortlist_level,524288,65536,64,4,16384,48,7,0.932731,0.902501,0.970951,1.395,4096,74816,1,20
gpu,n,shortlist_level,1048576,65536,64,4,16384,32,7,1.170236,1.145655,1.209731,1.420,4096,69952,1,20
gpu,c,per_unit,65536,16384,4,4,262144,48,7,0.361819,0.356789,0.367870,2.021,262144,21568,0,20
gpu,c,per_unit,65536,32768,4,4,262144,48,7,0.369670,0.362983,0.414478,2.343,262144,45120,0,20
gpu,c,per_unit,65536,65536,4,4,262144,48,7,0.355138,0.354627,0.357420,2.038,262144,114752,0,20
gpu,c,per_unit,65536,131072,4,4,262144,48,7,0.371647,0.366976,0.376833,2.036,262144,196672,0,20
gpu,c,per_unit,65536,262144,4,4,262144,48,7,0.377290,0.369030,0.386376,2.158,262144,393280,0,20
gpu,c,per_unit,65536,524288,4,4,262144,48,7,0.386601,0.383773,0.394135,2.117,262144,786496,0,20
gpu,c,per_unit,65536,1048576,4,4,262144,48,7,0.425450,0.418695,0.427669,2.115,262144,1572928,0,20
gpu,c,per_unit,65536,2097152,4,4,262144,48,7,0.381456,0.374231,0.406050,2.287,262144,3145792,0,20
gpu,c,per_unit,65536,4194304,4,4,262144,48,7,0.386049,0.382419,0.391006,2.146,262144,6291520,0,20
gpu,c,per_unit,65536,8388608,4,4,262144,48,7,0.395259,0.390986,0.400533,2.178,262144,12582976,0,20
gpu,c,per_connection,65536,16384,4,4,65536,48,7,0.594558,0.531548,0.625911,3.428,86272,21568,0,20
gpu,c,per_connection,65536,32768,4,4,131072,48,7,0.556455,0.553637,0.561626,2.991,180480,45120,0,20
gpu,c,per_connection,65536,65536,4,4,262144,48,7,0.675941,0.672179,0.684979,3.044,459008,114752,0,20
gpu,c,per_connection,65536,131072,4,4,524288,48,7,0.790029,0.785305,0.794768,2.993,786688,196672,0,20
gpu,c,per_connection,65536,262144,4,4,1048576,48,7,1.417922,1.379462,1.481414,4.312,1573120,393280,0,20
gpu,c,per_connection,65536,524288,4,4,2097152,48,7,3.441453,3.392438,3.455945,3.262,3145984,786496,0,20
gpu,c,per_connection,65536,1048576,4,4,4194304,48,7,7.649993,7.549126,7.663511,3.729,6291712,1572928,0,20
gpu,c,per_connection,65536,2097152,4,4,8388608,48,7,16.533924,16.399358,16.906771,3.372,12583168,3145792,0,20
gpu,c,per_connection,65536,4194304,4,4,16777216,48,7,52.512201,52.150359,52.847839,3.698,25166080,6291520,0,20
gpu,c,per_connection,65536,8388608,4,4,33554432,48,7,124.787672,124.721379,124.918408,3.826,50331904,12582976,0,20
gpu,c,global,65536,16384,4,4,4,4,7,0.188921,0.186128,0.190494,2.189,4,21568,0,20
gpu,c,global,65536,32768,4,4,4,4,7,0.181383,0.177974,0.187917,2.089,4,45120,0,20
gpu,c,global,65536,65536,4,4,4,4,7,0.189207,0.186414,0.200102,2.147,4,114752,0,20
gpu,c,global,65536,131072,4,4,4,4,7,0.199551,0.197729,0.206430,2.640,4,196672,0,20
gpu,c,global,65536,262144,4,4,4,4,7,0.206223,0.205410,0.209565,2.414,4,393280,0,20
gpu,c,global,65536,524288,4,4,4,4,7,0.213569,0.209975,0.215991,2.824,4,786496,0,20
gpu,c,global,65536,1048576,4,4,4,4,7,0.216724,0.213069,0.218294,3.463,4,1572928,0,20
gpu,c,global,65536,2097152,4,4,4,4,7,0.219188,0.216718,0.221192,2.855,4,3145792,0,20
gpu,c,global,65536,4194304,4,4,4,4,7,0.247160,0.238582,0.254240,3.418,4,6291520,0,20
gpu,c,global,65536,8388608,4,4,4,4,7,0.264626,0.262902,0.275599,3.873,4,12582976,0,20
gpu,c,shortlist,65536,16384,64,4,4096,32,7,0.298683,0.293331,0.305896,1.246,4096,21568,0,20
gpu,c,shortlist,65536,32768,64,4,4096,48,7,0.283040,0.279940,0.286709,1.272,4096,45120,1,20
gpu,c,shortlist,65536,65536,64,4,4096,48,7,0.278631,0.276719,0.282662,1.172,4096,114752,1,20
gpu,c,shortlist,65536,131072,64,4,4096,48,7,0.284186,0.279129,0.285591,1.272,4096,196672,1,20
gpu,c,shortlist,65536,262144,64,4,4096,48,7,0.309406,0.306926,0.396917,1.363,4096,393280,1,20
gpu,c,shortlist,65536,524288,64,4,4096,48,7,0.296953,0.294033,0.305850,1.303,4096,786496,1,20
gpu,c,shortlist,65536,1048576,64,4,4096,48,7,0.296001,0.294656,0.304553,1.242,4096,1572928,1,20
gpu,c,shortlist,65536,2097152,64,4,4096,48,7,0.308906,0.306194,0.312309,1.429,4096,3145792,1,20
gpu,c,shortlist,65536,4194304,64,4,4096,48,7,0.287514,0.286757,0.288824,1.356,4096,6291520,1,20
gpu,c,shortlist,65536,8388608,64,4,4096,48,7,0.306978,0.302032,0.346785,1.374,4096,12582976,1,20
gpu,c,shortlist_level,65536,16384,64,4,16384,48,7,0.734164,0.725964,0.747109,1.347,4096,21568,1,20
gpu,c,shortlist_level,65536,32768,64,4,16384,48,7,0.733035,0.729899,0.744266,1.401,4096,45120,1,20
gpu,c,shortlist_level,65536,65536,64,4,16384,48,7,0.737097,0.732946,0.746542,1.337,4096,114752,1,20
gpu,c,shortlist_level,65536,131072,64,4,16384,48,7,0.727675,0.722231,0.733292,1.381,4096,196672,1,20
gpu,c,shortlist_level,65536,262144,64,4,16384,48,7,0.768366,0.763166,0.775634,1.460,4096,393280,1,20
gpu,c,shortlist_level,65536,524288,64,4,16384,48,7,0.917107,0.809199,1.026912,1.414,4096,786496,1,20
gpu,c,shortlist_level,65536,1048576,64,4,16384,48,7,0.757609,0.753713,0.764673,1.416,4096,1572928,1,20
gpu,c,shortlist_level,65536,2097152,64,4,16384,48,7,0.756760,0.755267,0.777492,1.597,4096,3145792,1,20
gpu,c,shortlist_level,65536,4194304,64,4,16384,48,7,0.761633,0.749660,0.766283,1.484,4096,6291520,1,20
gpu,c,shortlist_level,65536,8388608,64,4,16384,48,7,0.754955,0.748958,0.761296,1.480,4096,12582976,1,20
gpu,p,per_unit,65536,65536,1,4,65536,48,7,0.311813,0.307077,0.317215,2.087,65536,114752,0,20
gpu,p,per_unit,65536,65536,2,4,131072,48,7,0.346721,0.342753,0.352901,2.171,131072,114752,0,20
gpu,p,per_unit,65536,65536,4,4,262144,48,7,0.368649,0.367643,0.372848,2.007,262144,114752,0,20
gpu,p,per_unit,65536,65536,8,4,524288,48,7,0.419998,0.415537,0.422338,2.003,524288,114752,0,20
gpu,p,per_unit,65536,65536,16,4,1048576,48,7,0.530847,0.529759,0.533796,1.948,1048576,114752,0,20
gpu,p,per_unit,65536,65536,32,4,2097152,48,7,0.873701,0.834821,0.974685,2.160,2097152,114752,0,20
gpu,p,per_connection,65536,65536,1,4,65536,48,7,0.597486,0.591511,0.605981,3.183,114752,114752,0,20
gpu,p,per_connection,65536,65536,2,4,131072,48,7,0.603870,0.597402,0.606197,2.874,229504,114752,0,20
gpu,p,per_connection,65536,65536,4,4,262144,48,7,0.678778,0.674231,0.685816,2.956,459008,114752,0,20
gpu,p,per_connection,65536,65536,8,4,524288,48,7,0.796323,0.789993,0.834754,3.241,918016,114752,0,20
gpu,p,per_connection,65536,65536,16,4,1048576,48,7,1.495545,1.412608,1.551318,3.183,1836032,114752,0,20
gpu,p,per_connection,65536,65536,32,4,2097152,48,7,3.240523,3.213304,3.263452,3.028,3672064,114752,0,20
gpu,p,global,65536,65536,64,4,64,43,7,0.200018,0.196562,0.201949,2.211,64,114752,0,20
gpu,p,global,65536,65536,1024,4,1024,48,7,0.214344,0.209280,0.227116,2.397,1024,114752,0,20
gpu,p,global,65536,65536,16384,4,16384,48,7,0.266622,0.264316,0.268110,2.642,16384,114752,0,20
gpu,p,global,65536,65536,262144,4,262144,48,7,0.392415,0.386468,0.396385,2.760,262144,114752,0,20
gpu,p,global,65536,65536,1048576,4,1048576,48,7,0.664872,0.660071,0.669075,2.620,1048576,114752,0,20
gpu,p,shortlist,65536,65536,16,4,256,48,7,0.328713,0.326846,0.332198,0.878,256,114752,0,20
gpu,p,shortlist,65536,65536,32,4,1024,48,7,0.253175,0.251115,0.256542,1.100,1024,114752,1,20
gpu,p,shortlist,65536,65536,64,4,4096,48,7,0.286340,0.283728,0.291089,1.211,4096,114752,1,20
gpu,p,shortlist,65536,65536,128,4,16384,48,7,0.315486,0.312462,0.322038,1.242,16384,114752,1,20
gpu,p,shortlist,65536,65536,256,4,65536,48,7,0.350830,0.346071,0.354685,1.246,65536,114752,1,20
gpu,p,shortlist_level,65536,65536,16,4,1024,48,7,2.028640,1.998234,2.116048,1.024,256,114752,1,20
gpu,p,shortlist_level,65536,65536,32,4,4096,48,7,0.647674,0.644235,0.651473,1.195,1024,114752,1,20
gpu,p,shortlist_level,65536,65536,64,4,16384,48,7,0.735323,0.732188,0.742013,1.303,4096,114752,1,20
gpu,p,shortlist_level,65536,65536,128,4,65536,48,7,0.988957,0.960967,1.008546,1.568,16384,114752,1,20
gpu,p,shortlist_level,65536,65536,256,4,262144,48,7,1.032861,1.000028,1.089469,1.673,65536,114752,1,20
