sweep,strategy,N,C,P,backend,cx_backend,candidates,px_ms,cx_ms,ratio
c,global,65536,16384,4,cpu,host,4,0.8239,0.0005,1572.2901
c,global,65536,32768,4,cpu,host,4,1.1402,0.0005,2139.1276
c,global,65536,65536,4,cpu,host,4,1.9306,0.0005,3670.4144
c,global,65536,131072,4,cpu,host,4,2.6448,0.0005,5125.5484
c,global,65536,262144,4,cpu,host,4,2.6858,0.0006,4848.0866
c,global,65536,524288,4,cpu,host,4,2.7919,0.0006,4772.5385
c,global,65536,1048576,4,cpu,host,4,3.6256,0.0005,6827.8832
c,global,65536,2097152,4,cpu,host,4,7.1989,0.0005,13844.0385
c,global,65536,4194304,4,cpu,host,4,19.4614,0.0006,30219.5978
c,global,65536,8388608,4,cpu,host,4,37.3123,0.0005,69353.6543
c,per_connection,65536,16384,4,cpu,host,65536,142.6987,50.7097,2.8140
c,per_connection,65536,32768,4,cpu,host,131072,276.4754,180.8317,1.5289
c,per_connection,65536,65536,4,cpu,host,262144,823.9670,696.4302,1.1831
c,per_unit,65536,16384,4,cpu,host,262144,331.5246,26.5295,12.4964
c,per_unit,65536,32768,4,cpu,host,262144,332.5594,26.8912,12.3669
c,per_unit,65536,65536,4,cpu,host,262144,332.7935,27.1485,12.2583
c,per_unit,65536,131072,4,cpu,host,262144,332.3530,27.4173,12.1220
c,per_unit,65536,262144,4,cpu,host,262144,334.1054,27.4231,12.1834
c,per_unit,65536,524288,4,cpu,host,262144,329.7345,27.5184,11.9823
c,per_unit,65536,1048576,4,cpu,host,262144,332.3570,27.4918,12.0893
c,per_unit,65536,2097152,4,cpu,host,262144,338.4924,27.3968,12.3552
c,per_unit,65536,4194304,4,cpu,host,262144,323.8600,27.4843,11.7835
c,per_unit,65536,8388608,4,cpu,host,262144,334.0432,27.3723,12.2037
c,shortlist,65536,16384,64,cpu,host,4096,9.6877,22.4726,0.4311
c,shortlist,65536,32768,64,cpu,host,4096,10.0057,22.4706,0.4453
c,shortlist,65536,65536,64,cpu,host,4096,9.9180,22.4539,0.4417
c,shortlist,65536,131072,64,cpu,host,4096,6.4792,22.4870,0.2881
c,shortlist,65536,262144,64,cpu,host,4096,9.3532,22.4751,0.4162
c,shortlist,65536,524288,64,cpu,host,4096,12.8618,22.4768,0.5722
c,shortlist,65536,1048576,64,cpu,host,4096,13.5690,22.4947,0.6032
c,shortlist,65536,2097152,64,cpu,host,4096,15.4818,22.4960,0.6882
c,shortlist,65536,4194304,64,cpu,host,4096,27.2796,22.4671,1.2142
c,shortlist,65536,8388608,64,cpu,host,4096,44.7568,22.4801,1.9909
c,shortlist_level,65536,16384,64,cpu,host,16384,7.8543,105.1706,0.0747
c,shortlist_level,65536,32768,64,cpu,host,16384,10.4062,104.7478,0.0993
c,shortlist_level,65536,65536,64,cpu,host,16384,10.3179,104.2141,0.0990
c,shortlist_level,65536,131072,64,cpu,host,16384,10.2204,103.6030,0.0986
c,shortlist_level,65536,262144,64,cpu,host,16384,9.9346,103.1655,0.0963
c,shortlist_level,65536,524288,64,cpu,host,16384,9.7019,103.0912,0.0941
c,shortlist_level,65536,1048576,64,cpu,host,16384,11.1874,103.1036,0.1085
c,shortlist_level,65536,2097152,64,cpu,host,16384,17.5897,103.1773,0.1705
c,shortlist_level,65536,4194304,64,cpu,host,16384,23.6793,103.0973,0.2297
c,shortlist_level,65536,8388608,64,cpu,host,16384,37.8845,103.1256,0.3674
n,exhaustive,256,65536,0,cpu,host,65536,101.2110,6.8151,14.8510
n,exhaustive,512,65536,0,cpu,host,262144,328.3768,29.7114,11.0522
n,exhaustive,1024,65536,0,cpu,host,1048576,1531.1050,144.8558,10.5699
n,exhaustive,2048,65536,0,cpu,host,4194304,6271.6261,631.5599,9.9304
n,global,256,65536,4,cpu,host,4,1.6987,0.0007,2546.8366
n,global,512,65536,4,cpu,host,4,0.8176,0.0006,1460.0054
n,global,1024,65536,4,cpu,host,4,1.7082,0.0005,3278.6814
n,global,2048,65536,4,cpu,host,4,1.6533,0.0005,3197.7930
n,global,4096,65536,4,cpu,host,4,1.6054,0.0005,3040.4848
n,global,8192,65536,4,cpu,host,4,1.6658,0.0005,3191.2548
n,global,16384,65536,4,cpu,host,4,1.5774,0.0005,3062.8175
n,global,32768,65536,4,cpu,host,4,1.6141,0.0005,3045.5566
n,global,65536,65536,4,cpu,host,4,1.7493,0.0005,3332.0133
n,global,131072,65536,4,cpu,host,4,1.5198,0.0006,2728.5583
n,global,262144,65536,4,cpu,host,4,1.5561,0.0005,2876.3919
n,global,524288,65536,4,cpu,host,4,1.1101,0.0005,2307.8669
n,global,1048576,65536,4,cpu,host,4,1.0978,0.0005,2111.1731
n,per_connection,256,65536,4,cpu,host,262144,695.5178,861.3240,0.8075
n,per_connection,512,65536,4,cpu,host,262144,704.1404,783.0809,0.8992
n,per_connection,1024,65536,4,cpu,host,262144,689.3527,742.2302,0.9288
n,per_connection,2048,65536,4,cpu,host,262144,686.5531,720.9612,0.9523
n,per_connection,4096,65536,4,cpu,host,262144,694.9566,709.9954,0.9788
n,per_connection,8192,65536,4,cpu,host,262144,689.7636,705.1872,0.9781
n,per_connection,16384,65536,4,cpu,host,262144,688.8558,702.7226,0.9803
n,per_connection,32768,65536,4,cpu,host,262144,688.4605,701.2959,0.9817
n,per_connection,65536,65536,4,cpu,host,262144,825.9954,699.8634,1.1802
n,per_connection,131072,65536,4,cpu,host,262144,591.3458,698.3511,0.8468
n,per_connection,262144,65536,4,cpu,host,262144,592.5509,698.3835,0.8485
n,per_connection,524288,65536,4,cpu,host,262144,503.4524,693.8821,0.7256
n,per_connection,1048576,65536,4,cpu,host,262144,457.1283,694.9633,0.6578
n,per_unit,256,65536,4,cpu,host,1024,1.7682,0.0459,38.4896
n,per_unit,512,65536,4,cpu,host,2048,3.0573,0.1404,21.7824
n,per_unit,1024,65536,4,cpu,host,4096,9.3623,0.3027,30.9341
n,per_unit,2048,65536,4,cpu,host,8192,14.4515,0.6599,21.8994
n,per_unit,4096,65536,4,cpu,host,16384,26.7756,1.4159,18.9111
n,per_unit,8192,65536,4,cpu,host,32768,52.1975,3.0299,17.2277
n,per_unit,16384,65536,4,cpu,host,65536,101.9877,6.3447,16.0744
n,per_unit,32768,65536,4,cpu,host,131072,172.7889,13.2041,13.0860
n,per_unit,65536,65536,4,cpu,host,262144,304.1714,27.3420,11.1247
n,per_unit,131072,65536,4,cpu,host,524288,761.2059,56.8623,13.3868
n,per_unit,262144,65536,4,cpu,host,1048576,1551.8438,132.4669,11.7150
n,per_unit,524288,65536,4,cpu,host,2097152,3056.2736,274.9275,11.1167
n,per_unit,1048576,65536,4,cpu,host,4194304,6358.3984,576.5173,11.0290
n,shortlist,256,65536,64,cpu,host,4096,10.9398,0.3799,28.7960
n,shortlist,512,65536,64,cpu,host,4096,9.6916,0.4386,22.0986
n,shortlist,1024,65536,64,cpu,host,4096,12.1304,0.5459,22.2214
n,shortlist,2048,65536,64,cpu,host,4096,10.7604,0.8253,13.0386
n,shortlist,4096,65536,64,cpu,host,4096,10.6453,1.3797,7.7154
n,shortlist,8192,65536,64,cpu,host,4096,10.9938,2.5894,4.2457
n,shortlist,16384,65536,64,cpu,host,4096,8.9415,5.1587,1.7333
n,shortlist,32768,65536,64,cpu,host,4096,9.2550,10.7546,0.8606
n,shortlist,65536,65536,64,cpu,host,4096,10.5540,22.4875,0.4693
n,shortlist,131072,65536,64,cpu,host,4096,11.1746,47.5792,0.2349
n,shortlist,262144,65536,64,cpu,host,4096,12.2077,98.9291,0.1234
n,shortlist,524288,65536,64,cpu,host,4096,13.7158,208.8148,0.0657
n,shortlist,1048576,65536,64,cpu,host,4096,14.6487,436.7596,0.0335
n,shortlist_level,256,65536,64,cpu,host,16384,6.2305,1.6796,3.7096
n,shortlist_level,512,65536,64,cpu,host,16384,7.8555,1.8743,4.1911
n,shortlist_level,1024,65536,64,cpu,host,16384,6.2212,2.4017,2.5903
n,shortlist_level,2048,65536,64,cpu,host,16384,7.7134,3.6074,2.1382
n,shortlist_level,4096,65536,64,cpu,host,16384,8.9302,6.2046,1.4393
n,shortlist_level,8192,65536,64,cpu,host,16384,8.4217,11.7429,0.7172
n,shortlist_level,16384,65536,64,cpu,host,16384,11.8480,23.6764,0.5004
n,shortlist_level,32768,65536,64,cpu,host,16384,12.2818,49.3596,0.2488
n,shortlist_level,65536,65536,64,cpu,host,16384,10.0378,104.2289,0.0963
n,shortlist_level,131072,65536,64,cpu,host,16384,10.3862,222.3192,0.0467
n,shortlist_level,262144,65536,64,cpu,host,16384,9.6679,465.5316,0.0208
n,shortlist_level,524288,65536,64,cpu,host,16384,18.0021,986.4774,0.0182
n,shortlist_level,1048576,65536,64,cpu,host,16384,32.5053,2072.4229,0.0157
np,per_unit,4096,65536,1,cpu,host,4096,7.9828,0.5020,15.9023
np,per_unit,4096,65536,2,cpu,host,8192,14.0643,1.0917,12.8830
np,per_unit,4096,65536,4,cpu,host,16384,26.7347,1.6139,16.5653
np,per_unit,4096,65536,8,cpu,host,32768,54.1283,3.4430,15.7214
np,per_unit,4096,65536,16,cpu,host,65536,104.4633,6.8682,15.2097
np,per_unit,4096,65536,32,cpu,host,131072,182.0477,14.1117,12.9005
np,per_unit,8192,65536,1,cpu,host,8192,14.9844,0.6869,21.8159
np,per_unit,8192,65536,2,cpu,host,16384,25.8917,1.4284,18.1264
np,per_unit,8192,65536,4,cpu,host,32768,52.5144,2.9845,17.5959
np,per_unit,8192,65536,8,cpu,host,65536,102.8243,6.3407,16.2164
np,per_unit,8192,65536,16,cpu,host,131072,178.9818,14.2134,12.5925
np,per_unit,8192,65536,32,cpu,host,262144,350.0896,29.4818,11.8748
np,per_unit,16384,65536,1,cpu,host,16384,25.6902,1.4474,17.7486
np,per_unit,16384,65536,2,cpu,host,32768,51.3831,3.0117,17.0609
np,per_unit,16384,65536,4,cpu,host,65536,101.8915,6.3403,16.0704
np,per_unit,16384,65536,8,cpu,host,131072,176.6576,13.2419,13.3408
np,per_unit,16384,65536,16,cpu,host,262144,345.8835,29.9845,11.5354
np,per_unit,16384,65536,32,cpu,host,524288,791.4236,61.9999,12.7649
np,per_unit,32768,65536,1,cpu,host,32768,51.0560,3.0700,16.6305
np,per_unit,32768,65536,2,cpu,host,65536,100.3771,6.3687,15.7611
np,per_unit,32768,65536,4,cpu,host,131072,173.2724,13.2226,13.1043
np,per_unit,32768,65536,8,cpu,host,262144,341.3347,27.8026,12.2771
np,per_unit,32768,65536,16,cpu,host,524288,755.6706,62.4169,12.1068
np,per_unit,32768,65536,32,cpu,host,1048576,1620.1104,129.1987,12.5397
np,per_unit,65536,65536,1,cpu,host,65536,100.2149,6.3700,15.7324
np,per_unit,65536,65536,2,cpu,host,131072,170.5778,13.0187,13.1025
np,per_unit,65536,65536,4,cpu,host,262144,333.5665,27.3400,12.2007
np,per_unit,65536,65536,8,cpu,host,524288,749.8205,57.8219,12.9678
np,per_unit,65536,65536,16,cpu,host,1048576,1596.8551,132.3380,12.0665
np,per_unit,65536,65536,32,cpu,host,2097152,3192.9959,268.3462,11.8988
np,per_unit,131072,65536,1,cpu,host,131072,168.6097,13.2605,12.7151
np,per_unit,131072,65536,2,cpu,host,262144,328.5139,27.0734,12.1342
np,per_unit,131072,65536,4,cpu,host,524288,762.5819,57.0011,13.3784
np,per_unit,131072,65536,8,cpu,host,1048576,1580.6878,135.3510,11.6784
np,per_unit,131072,65536,16,cpu,host,2097152,3159.5073,271.2876,11.6463
np,per_unit,131072,65536,32,cpu,host,4194304,6657.4588,554.1794,12.0132
np,per_unit,262144,65536,1,cpu,host,262144,322.6172,27.0841,11.9117
np,per_unit,262144,65536,2,cpu,host,524288,751.5715,56.0902,13.3993
np,per_unit,262144,65536,4,cpu,host,1048576,1551.3445,132.9248,11.6708
np,per_unit,262144,65536,8,cpu,host,2097152,3107.1334,276.1206,11.2528
np,per_unit,262144,65536,16,cpu,host,4194304,6566.7910,561.4640,11.6958
np,per_unit,524288,65536,1,cpu,host,524288,745.2977,55.7455,13.3696
np,per_unit,524288,65536,2,cpu,host,1048576,1528.6074,131.1591,11.6546
np,per_unit,524288,65536,4,cpu,host,2097152,3034.4237,272.7931,11.1235
np,per_unit,524288,65536,8,cpu,host,4194304,6459.5092,574.6029,11.2417
np,per_unit,1048576,65536,1,cpu,host,1048576,1516.0575,133.5993,11.3478
np,per_unit,1048576,65536,2,cpu,host,2097152,2995.3459,275.1041,10.8880
np,per_unit,1048576,65536,4,cpu,host,4194304,6363.9550,580.5771,10.9614
p,global,65536,65536,64,cpu,host,64,1.7218,0.0044,394.9048
p,global,65536,65536,1024,cpu,host,1024,3.5719,0.0750,47.6448
p,global,65536,65536,16384,cpu,host,16384,34.7701,1.9131,18.1750
p,global,65536,65536,262144,cpu,host,262144,480.0723,36.2585,13.2403
p,global,65536,65536,1048576,cpu,host,1048576,2212.1185,169.8852,13.0213
p,per_connection,65536,65536,1,cpu,host,65536,226.5689,687.5526,0.3295
p,per_connection,65536,65536,2,cpu,host,131072,390.3745,693.8421,0.5626
p,per_connection,65536,65536,4,cpu,host,262144,831.6067,713.2049,1.1660
p,per_connection,65536,65536,8,cpu,host,524288,1717.7366,747.0091,2.2995
p,per_connection,65536,65536,16,cpu,host,1048576,3382.0279,833.2714,4.0587
p,per_connection,65536,65536,32,cpu,host,2097152,6970.6082,1349.0621,5.1670
p,per_unit,65536,65536,1,cpu,host,65536,100.6139,6.3802,15.7697
p,per_unit,65536,65536,2,cpu,host,131072,171.5715,12.9653,13.2332
p,per_unit,65536,65536,4,cpu,host,262144,334.1183,27.1805,12.2926
p,per_unit,65536,65536,8,cpu,host,524288,774.3493,57.1718,13.5443
p,per_unit,65536,65536,16,cpu,host,1048576,1596.7332,132.3118,12.0680
p,per_unit,65536,65536,32,cpu,host,2097152,3195.7831,268.7541,11.8911
p,shortlist,65536,65536,16,cpu,host,256,2.2195,22.1663,0.1001
p,shortlist,65536,65536,32,cpu,host,1024,2.7684,22.2060,0.1247
p,shortlist,65536,65536,64,cpu,host,4096,11.1533,22.4637,0.4965
p,shortlist,65536,65536,128,cpu,host,16384,31.7318,23.6975,1.3390
p,shortlist,65536,65536,256,cpu,host,65536,117.8391,29.1466,4.0430
p,shortlist_level,65536,65536,16,cpu,host,1024,3.5729,103.1978,0.0346
p,shortlist_level,65536,65536,32,cpu,host,4096,5.2847,103.2129,0.0512
p,shortlist_level,65536,65536,64,cpu,host,16384,10.1944,104.2635,0.0978
p,shortlist_level,65536,65536,128,cpu,host,65536,22.8888,109.5604,0.2089
p,shortlist_level,65536,65536,256,cpu,host,262144,44.5119,133.4236,0.3336
c,global,65536,16384,4,gpu,device,4,0.4452,0.1538,2.8943
c,global,65536,32768,4,gpu,device,4,0.5054,0.1536,3.2909
c,global,65536,65536,4,gpu,device,4,0.4731,0.1528,3.0967
c,global,65536,131072,4,gpu,device,4,0.5329,0.1532,3.4782
c,global,65536,262144,4,gpu,device,4,0.5443,0.1530,3.5585
c,global,65536,524288,4,gpu,device,4,0.5513,0.1532,3.5980
c,global,65536,1048576,4,gpu,device,4,0.5378,0.1618,3.3239
c,global,65536,2097152,4,gpu,device,4,0.5920,0.1692,3.4977
c,global,65536,4194304,4,gpu,device,4,0.5766,0.1862,3.0962
c,global,65536,8388608,4,gpu,device,4,0.5788,0.2111,2.7423
c,per_connection,65536,16384,4,gpu,device,65536,1.4648,0.7579,1.9328
c,per_connection,65536,32768,4,gpu,device,131072,1.7311,1.1877,1.4575
c,per_connection,65536,65536,4,gpu,device,262144,3.2194,2.4706,1.3031
c,per_connection,65536,131072,4,gpu,device,524288,5.0932,3.5557,1.4324
c,per_connection,65536,262144,4,gpu,device,1048576,9.0950,4.8817,1.8631
c,per_connection,65536,524288,4,gpu,device,2097152,17.8496,7.5228,2.3727
c,per_connection,65536,1048576,4,gpu,device,4194304,97.0129,13.3387,7.2731
c,per_connection,65536,2097152,4,gpu,device,8388608,237.7889,26.8378,8.8602
c,per_connection,65536,4194304,4,gpu,device,16777216,551.8827,54.4393,10.1376
c,per_connection,65536,8388608,4,gpu,device,33554432,1247.9590,115.5044,10.8044
c,per_unit,65536,16384,4,gpu,device,262144,1.7570,0.3299,5.3266
c,per_unit,65536,32768,4,gpu,device,262144,1.7672,0.3296,5.3623
c,per_unit,65536,65536,4,gpu,device,262144,1.7297,0.3300,5.2413
c,per_unit,65536,131072,4,gpu,device,262144,1.4527,0.3297,4.4062
c,per_unit,65536,262144,4,gpu,device,262144,1.5530,0.3297,4.7098
c,per_unit,65536,524288,4,gpu,device,262144,1.7514,0.3300,5.3070
c,per_unit,65536,1048576,4,gpu,device,262144,1.8519,0.3377,5.4844
c,per_unit,65536,2097152,4,gpu,device,262144,1.7006,0.3454,4.9229
c,per_unit,65536,4194304,4,gpu,device,262144,1.8989,0.3624,5.2399
c,per_unit,65536,8388608,4,gpu,device,262144,1.6876,0.3887,4.3417
c,shortlist,65536,16384,64,gpu,device,4096,0.7593,5.8959,0.1288
c,shortlist,65536,32768,64,gpu,device,4096,0.7287,5.8765,0.1240
c,shortlist,65536,65536,64,gpu,device,4096,0.7110,5.8957,0.1206
c,shortlist,65536,131072,64,gpu,device,4096,0.7249,5.9008,0.1229
c,shortlist,65536,262144,64,gpu,device,4096,0.8283,5.8831,0.1408
c,shortlist,65536,524288,64,gpu,device,4096,0.6629,5.8950,0.1125
c,shortlist,65536,1048576,64,gpu,device,4096,0.8037,5.9176,0.1358
c,shortlist,65536,2097152,64,gpu,device,4096,0.8541,5.8760,0.1454
c,shortlist,65536,4194304,64,gpu,device,4096,0.7286,5.9319,0.1228
c,shortlist,65536,8388608,64,gpu,device,4096,0.7779,5.9613,0.1305
c,shortlist_level,65536,16384,64,gpu,device,16384,0.8990,28.7612,0.0313
c,shortlist_level,65536,32768,64,gpu,device,16384,1.1431,28.7361,0.0398
c,shortlist_level,65536,65536,64,gpu,device,16384,1.1448,28.7211,0.0399
c,shortlist_level,65536,131072,64,gpu,device,16384,1.1405,28.7546,0.0397
c,shortlist_level,65536,262144,64,gpu,device,16384,1.1189,28.7478,0.0389
c,shortlist_level,65536,524288,64,gpu,device,16384,1.1482,28.7369,0.0400
c,shortlist_level,65536,1048576,64,gpu,device,16384,1.0037,28.7588,0.0349
c,shortlist_level,65536,2097152,64,gpu,device,16384,1.0123,28.7869,0.0352
c,shortlist_level,65536,4194304,64,gpu,device,16384,1.1498,28.7499,0.0400
c,shortlist_level,65536,8388608,64,gpu,device,16384,1.1130,28.8219,0.0386
n,exhaustive,256,65536,0,gpu,device,65536,0.8787,0.2932,2.9972
n,exhaustive,512,65536,0,gpu,device,262144,1.6567,0.3328,4.9782
n,exhaustive,1024,65536,0,gpu,device,1048576,4.7313,0.5699,8.3017
n,exhaustive,2048,65536,0,gpu,device,4194304,26.9175,2.1258,12.6626
n,exhaustive,4096,65536,0,gpu,device,16777216,290.3355,16.0129,18.1314
n,global,256,65536,4,gpu,device,4,0.4915,0.1543,3.1844
n,global,512,65536,4,gpu,device,4,0.5175,0.1532,3.3777
n,global,1024,65536,4,gpu,device,4,0.5003,0.1541,3.2461
n,global,2048,65536,4,gpu,device,4,0.4559,0.1538,2.9650
n,global,4096,65536,4,gpu,device,4,0.4996,0.1541,3.2415
n,global,8192,65536,4,gpu,device,4,0.4960,0.1533,3.2355
n,global,16384,65536,4,gpu,device,4,0.5178,0.1538,3.3664
n,global,32768,65536,4,gpu,device,4,0.4489,0.1537,2.9203
n,global,65536,65536,4,gpu,device,4,0.4966,0.1540,3.2235
n,global,131072,65536,4,gpu,device,4,0.5339,0.1539,3.4685
n,global,262144,65536,4,gpu,device,4,0.5715,0.1537,3.7182
n,global,524288,65536,4,gpu,device,4,0.5642,0.1536,3.6727
n,global,1048576,65536,4,gpu,device,4,0.5436,0.1531,3.5501
n,per_connection,256,65536,4,gpu,device,262144,2.7001,2.4523,1.1011
n,per_connection,512,65536,4,gpu,device,262144,2.7937,2.4551,1.1379
n,per_connection,1024,65536,4,gpu,device,262144,2.7009,2.4642,1.0961
n,per_connection,2048,65536,4,gpu,device,262144,2.6574,2.4581,1.0811
n,per_connection,4096,65536,4,gpu,device,262144,2.7741,2.4665,1.1247
n,per_connection,8192,65536,4,gpu,device,262144,2.6945,2.4644,1.0934
n,per_connection,16384,65536,4,gpu,device,262144,2.5940,2.4645,1.0525
n,per_connection,32768,65536,4,gpu,device,262144,2.8731,2.4677,1.1643
n,per_connection,65536,65536,4,gpu,device,262144,3.1749,2.4816,1.2794
n,per_connection,131072,65536,4,gpu,device,262144,2.5086,2.4824,1.0105
n,per_connection,262144,65536,4,gpu,device,262144,2.5297,2.4753,1.0220
n,per_connection,524288,65536,4,gpu,device,262144,2.3873,2.4823,0.9617
n,per_connection,1048576,65536,4,gpu,device,262144,2.2861,2.4789,0.9222
n,per_unit,256,65536,4,gpu,device,1024,0.6343,0.1556,4.0752
n,per_unit,512,65536,4,gpu,device,2048,0.6135,0.1580,3.8817
n,per_unit,1024,65536,4,gpu,device,4096,0.6945,0.1610,4.3138
n,per_unit,2048,65536,4,gpu,device,8192,0.7369,0.2700,2.7292
n,per_unit,4096,65536,4,gpu,device,16384,0.7834,0.2740,2.8588
n,per_unit,8192,65536,4,gpu,device,32768,0.8792,0.2825,3.1127
n,per_unit,16384,65536,4,gpu,device,65536,1.0794,0.2919,3.6973
n,per_unit,32768,65536,4,gpu,device,131072,1.1727,0.3045,3.8516
n,per_unit,65536,65536,4,gpu,device,262144,1.6855,0.3306,5.0989
n,per_unit,131072,65536,4,gpu,device,524288,2.5029,0.3828,6.5375
n,per_unit,262144,65536,4,gpu,device,1048576,4.9075,0.5682,8.6375
n,per_unit,524288,65536,4,gpu,device,2097152,9.3136,0.9261,10.0563
n,per_unit,1048576,65536,4,gpu,device,4194304,27.2888,2.1307,12.8075
n,shortlist,256,65536,64,gpu,device,4096,0.7489,0.1946,3.8484
n,shortlist,512,65536,64,gpu,device,4096,0.7177,0.2007,3.5765
n,shortlist,1024,65536,64,gpu,device,4096,0.7325,0.2221,3.2974
n,shortlist,2048,65536,64,gpu,device,4096,0.7446,0.2895,2.5717
n,shortlist,4096,65536,64,gpu,device,4096,0.7724,0.4412,1.7508
n,shortlist,8192,65536,64,gpu,device,4096,0.6497,0.7480,0.8685
n,shortlist,16384,65536,64,gpu,device,4096,0.7899,1.4075,0.5612
n,shortlist,32768,65536,64,gpu,device,4096,0.6647,2.8810,0.2307
n,shortlist,65536,65536,64,gpu,device,4096,0.8052,5.8931,0.1366
n,shortlist,131072,65536,64,gpu,device,4096,0.7792,12.4850,0.0624
n,shortlist,262144,65536,64,gpu,device,4096,0.7917,26.7368,0.0296
n,shortlist,524288,65536,64,gpu,device,4096,0.8066,57.0437,0.0141
n,shortlist,1048576,65536,64,gpu,device,4096,0.7545,122.5840,0.0062
n,shortlist_level,256,65536,64,gpu,device,16384,0.7731,0.3433,2.2521
n,shortlist_level,512,65536,64,gpu,device,16384,0.6963,0.3706,1.8790
n,shortlist_level,1024,65536,64,gpu,device,16384,0.7440,0.4899,1.5186
n,shortlist_level,2048,65536,64,gpu,device,16384,0.8157,0.8305,0.9822
n,shortlist_level,4096,65536,64,gpu,device,16384,1.0158,1.6132,0.6297
n,shortlist_level,8192,65536,64,gpu,device,16384,1.0679,3.2037,0.3333
n,shortlist_level,16384,65536,64,gpu,device,16384,1.1893,6.5581,0.1813
n,shortlist_level,32768,65536,64,gpu,device,16384,1.3486,13.7669,0.0980
n,shortlist_level,65536,65536,64,gpu,device,16384,1.0113,28.7899,0.0351
n,shortlist_level,131072,65536,64,gpu,device,16384,1.0355,62.1215,0.0167
n,shortlist_level,262144,65536,64,gpu,device,16384,1.0494,132.6149,0.0079
n,shortlist_level,524288,65536,64,gpu,device,16384,1.0670,284.8368,0.0037
n,shortlist_level,1048576,65536,64,gpu,device,16384,1.2982,616.5438,0.0021
np,per_unit,4096,65536,1,gpu,device,4096,0.5731,0.1622,3.5329
np,per_unit,4096,65536,2,gpu,device,8192,0.6445,0.2709,2.3793
np,per_unit,4096,65536,4,gpu,device,16384,0.8040,0.2748,2.9262
np,per_unit,4096,65536,8,gpu,device,32768,0.8825,0.2835,3.1125
np,per_unit,4096,65536,16,gpu,device,65536,1.0137,0.2892,3.5055
np,per_unit,4096,65536,32,gpu,device,131072,1.1719,0.3004,3.9013
np,per_unit,8192,65536,1,gpu,device,8192,0.7490,0.2699,2.7749
np,per_unit,8192,65536,2,gpu,device,16384,0.8171,0.2735,2.9877
np,per_unit,8192,65536,4,gpu,device,32768,0.8367,0.2828,2.9588
np,per_unit,8192,65536,8,gpu,device,65536,0.9791,0.2901,3.3747
np,per_unit,8192,65536,16,gpu,device,131072,1.1863,0.3011,3.9405
np,per_unit,8192,65536,32,gpu,device,262144,1.5944,0.3236,4.9268
np,per_unit,16384,65536,1,gpu,device,16384,0.6249,0.2732,2.2873
np,per_unit,16384,65536,2,gpu,device,32768,0.8191,0.2821,2.9030
np,per_unit,16384,65536,4,gpu,device,65536,0.8829,0.2916,3.0277
np,per_unit,16384,65536,8,gpu,device,131072,1.1000,0.3024,3.6379
np,per_unit,16384,65536,16,gpu,device,262144,1.7358,0.3252,5.3379
np,per_unit,16384,65536,32,gpu,device,524288,2.4533,0.3668,6.6882
np,per_unit,32768,65536,1,gpu,device,32768,0.7523,0.2828,2.6602
np,per_unit,32768,65536,2,gpu,device,65536,0.9501,0.2935,3.2369
np,per_unit,32768,65536,4,gpu,device,131072,1.1198,0.3031,3.6945
np,per_unit,32768,65536,8,gpu,device,262144,1.6413,0.3261,5.0328
np,per_unit,32768,65536,16,gpu,device,524288,2.5235,0.3697,6.8253
np,per_unit,32768,65536,32,gpu,device,1048576,5.0053,0.5391,9.2845
np,per_unit,65536,65536,1,gpu,device,65536,0.8518,0.2948,2.8899
np,per_unit,65536,65536,2,gpu,device,131072,1.2233,0.3061,3.9961
np,per_unit,65536,65536,4,gpu,device,262144,1.6708,0.3289,5.0807
np,per_unit,65536,65536,8,gpu,device,524288,2.5166,0.3734,6.7403
np,per_unit,65536,65536,16,gpu,device,1048576,5.0220,0.5442,9.2289
np,per_unit,65536,65536,32,gpu,device,2097152,9.3005,0.8926,10.4199
np,per_unit,131072,65536,1,gpu,device,131072,1.1725,0.3103,3.7785
np,per_unit,131072,65536,2,gpu,device,262144,1.6541,0.3342,4.9488
np,per_unit,131072,65536,4,gpu,device,524288,2.4567,0.3819,6.4331
np,per_unit,131072,65536,8,gpu,device,1048576,4.8499,0.5534,8.7643
np,per_unit,131072,65536,16,gpu,device,2097152,9.3978,0.9157,10.2625
np,per_unit,131072,65536,32,gpu,device,4194304,27.2776,2.0569,13.2617
np,per_unit,262144,65536,1,gpu,device,262144,1.7820,0.3342,5.3321
np,per_unit,262144,65536,2,gpu,device,524288,2.7386,0.3848,7.1174
np,per_unit,262144,65536,4,gpu,device,1048576,5.0002,0.5651,8.8490
np,per_unit,262144,65536,8,gpu,device,2097152,9.4159,0.9218,10.2145
np,per_unit,262144,65536,16,gpu,device,4194304,27.3974,2.1437,12.7805
np,per_unit,262144,65536,32,gpu,device,8388608,132.4542,6.3284,20.9303
np,per_unit,524288,65536,1,gpu,device,524288,2.7239,0.3867,7.0437
np,per_unit,524288,65536,2,gpu,device,1048576,4.9319,0.5700,8.6531
np,per_unit,524288,65536,4,gpu,device,2097152,9.4585,0.9268,10.2050
np,per_unit,524288,65536,8,gpu,device,4194304,27.3139,2.1204,12.8816
np,per_unit,524288,65536,16,gpu,device,8388608,132.3605,6.2992,21.0123
np,per_unit,524288,65536,32,gpu,device,16777216,303.6343,14.6135,20.7777
np,per_unit,1048576,65536,1,gpu,device,1048576,5.2948,0.5768,9.1801
np,per_unit,1048576,65536,2,gpu,device,2097152,9.4958,0.9388,10.1147
np,per_unit,1048576,65536,4,gpu,device,4194304,27.4601,2.1639,12.6899
np,per_unit,1048576,65536,8,gpu,device,8388608,131.8303,6.3032,20.9147
np,per_unit,1048576,65536,16,gpu,device,16777216,302.5594,14.6344,20.6745
np,per_unit,1048576,65536,32,gpu,device,33554432,682.2032,34.6648,19.6800
p,global,65536,65536,64,gpu,device,64,0.5553,0.1541,3.6022
p,global,65536,65536,1024,gpu,device,1024,0.5952,0.1549,3.8419
p,global,65536,65536,16384,gpu,device,16384,0.8519,0.2767,3.0790
p,global,65536,65536,262144,gpu,device,262144,1.7536,0.3437,5.1016
p,global,65536,65536,1048576,gpu,device,1048576,5.9062,0.6165,9.5801
p,per_connection,65536,65536,1,gpu,device,65536,1.6373,0.7740,2.1153
p,per_connection,65536,65536,2,gpu,device,131072,2.1692,1.1834,1.8331
p,per_connection,65536,65536,4,gpu,device,262144,3.2387,2.4653,1.3137
p,per_connection,65536,65536,8,gpu,device,524288,5.8303,3.5457,1.6444
p,per_connection,65536,65536,16,gpu,device,1048576,10.3177,4.8545,2.1254
p,per_connection,65536,65536,32,gpu,device,2097152,19.3270,7.4486,2.5947
p,per_unit,65536,65536,1,gpu,device,65536,0.9758,0.2954,3.3030
p,per_unit,65536,65536,2,gpu,device,131072,1.1370,0.3064,3.7113
p,per_unit,65536,65536,4,gpu,device,262144,1.7437,0.3295,5.2919
p,per_unit,65536,65536,8,gpu,device,524288,2.5859,0.3731,6.9316
p,per_unit,65536,65536,16,gpu,device,1048576,5.1369,0.5442,9.4401
p,per_unit,65536,65536,32,gpu,device,2097152,9.5728,0.8996,10.6418
p,shortlist,65536,65536,16,gpu,device,256,0.7454,5.8024,0.1285
p,shortlist,65536,65536,32,gpu,device,1024,0.6957,5.8335,0.1193
p,shortlist,65536,65536,64,gpu,device,4096,0.6576,5.8776,0.1119
p,shortlist,65536,65536,128,gpu,device,16384,1.0125,5.9759,0.1694
p,shortlist,65536,65536,256,gpu,device,65536,1.1113,6.1257,0.1814
p,shortlist_level,65536,65536,16,gpu,device,1024,1.8108,28.5444,0.0634
p,shortlist_level,65536,65536,32,gpu,device,4096,1.0306,28.6537,0.0360
p,shortlist_level,65536,65536,64,gpu,device,16384,1.1079,28.7633,0.0385
p,shortlist_level,65536,65536,128,gpu,device,65536,1.0660,28.8642,0.0369
p,shortlist_level,65536,65536,256,gpu,device,262144,1.3740,29.4207,0.0467
